Date,FSDI Ch 54,FSDI Ch 55,FSDI Ch 56,FSDI Ch 57,FSDI Ch 58,FSDI Ch 59,FSDI Ch Ch 60,MDI1 Ch 1 (12-3pm),FSDI Ch 61,MDI1 Ch 2 (9-12pm),FSDI Ch 62,MDI1 Ch 3 (12-3pm),FSDI Ch 63,MDI1 Ch 4 (9-12pm),FSDI Ch 64
"Monday, 11/18/24",Orientation,,,,,,,,,,,,,,
"Tuesday, 11/19/24",FSDI 101,,,,,,,,,,,,,,
"Wednesday, 11/20/24",,,,,,,,,,,,,,,
"Thursday, 11/21/24",FSDI 101,,,,,,,,,,,,,,
"Friday, 11/22/24",,,,,,,,,,,,,,,
"Saturday (9 am - 12 pm), 11/23/24",FSDI 101,,,,,,,,,,,,,,
"Saturday (12 pm - 3 pm), 11/23/24",,,,,,,,,,,,,,,
"Sunday, 11/24/24",,,,,,,,,,,,,,,
"Monday, 11/25/24",,,,,,,,,,,,,,,
"Tuesday, 11/26/24",FSDI 101,,,,,,,,,,,,,,
"Wednesday, 11/27/24",,,,,,,,,,,,,,,
"Thursday, 11/28/24",,,,,,,,,,,,,,,
"Friday, 11/29/24",,,,,,,,,,,,,,,
"Saturday (9 am - 12 pm), 11/30/24",FSDI 102,,,,,,,,,,,,,,
"Saturday (12 pm - 3 pm), 11/30/24",,,,,,,,,,,,,,,
"Sunday, 12/01/24",,,,,,,,,,,,,,,
"Monday, 12/02/24",,,,,,,,,,,,,,,
"Tuesday, 12/03/24",FSDI 102,,,,,,,,,,,,,,
"Wednesday, 12/04/24",,,,,,,,,,,,,,,
"Thursday, 12/05/24",FSDI 102,,,,,,,,,,,,,,
"Friday, 12/06/24",,,,,,,,,,,,,,,
"Saturday (9 am - 12 pm), 12/07/24",FSDI 102,,,,,,,,,,,,,,
"Saturday (12 pm - 3 pm), 12/07/24",,,,,,,,,,,,,,,
"Sunday, 12/08/24",,,,,,,,,,,,,,,
"Monday, 12/09/24",,,,,,,,,,,,,,,
"Tuesday, 12/10/24",FSDI 103,,,,,,,,,,,,,,
"Wednesday, 12/11/24",,,,,,,,,,,,,,,
"Thursday, 12/12/24",FSDI 103,,,,,,,,,,,,,,
"Friday, 12/13/24",,,,,,,,,,,,,,,
"Saturday (9 am - 12 pm), 12/14/24",FSDI 103,,,,,,,,,,,,,,
"Saturday (12 pm - 3 pm), 12/14/24",,,,,,,,,,,,,,,
"Sunday, 12/15/24",,,,,,,,,,,,,,,
"Monday, 12/16/24",,,,,,,,,,,,,,,
"Tuesday, 12/17/24",FSDI 103,,,,,,,,,,,,,,
"Wednesday, 12/18/24",,,,,,,,,,,,,,,
"Thursday, 12/19/24",FSDI 104,,,,,,,,,,,,,,
"Friday, 12/20/24",,,,,,,,,,,,,,,
"Saturday (9 am - 12 pm), 12/21/24",FSDI 104,,,,,,,,,,,,,,
"Saturday (12 pm - 3 pm), 12/21/24",,,,,,,,,,,,,,,
"Sunday, 12/22/24",,,,,,,,,,,,,,,
"Monday, 12/23/24",,,,,,,,,,,,,,,
"Tuesday, 12/24/24",,,,,,,,,,,,,,,
"Wednesday, 12/25/24",,,,,,,,,,,,,,,
"Thursday, 12/26/24",,,,,,,,,,,,,,,
"Friday, 12/27/24",,,,,,,,,,,,,,,
"Saturday (9 am - 12 pm), 12/28/24",,,,,,,,,,,,,,,
"Saturday (12 pm - 3 pm), 12/28/24",,,,,,,,,,,,,,,
"Sunday, 12/29/24",,,,,,,,,,,,,,,
"Monday, 12/30/24",,FSDI 101,,,,,,,,,,,,,
"Tuesday, 12/31/24",FSDI 104,,,,,,,,,,,,,,
"Wednesday, 01/01/25",,,,,,,,,,,,,,,
"Thursday, 01/02/25",FSDI 104,,,,,,,,,,,,,,
"Friday, 01/03/25",,,,,,,,,,,,,,,
"Saturday (9 am - 12 pm), 01/04/25",FSDI 105,,,,,,,,,,,,,,
"Saturday (12 pm - 3 pm), 01/04/25",,FSDI 101,,,,,,,,,,,,,
"Sunday, 01/05/25",,,,,,,,,,,,,,,
"Monday, 01/06/25",,FSDI 101,,,,,,,,,,,,,
"Tuesday, 01/07/25",FSDI 105,,,,,,,,,,,,,,
"Wednesday, 01/08/25",,FSDI 101,,,,,,,,,,,,,
"Thursday, 01/09/25",FSDI 105,,,,,,,,,,,,,,
"Friday, 01/10/25",,,,,,,,,,,,,,,
"Saturday (9 am - 12 pm), 01/11/25",FSDI 105,,,,,,,,,,,,,,
"Saturday (12 pm - 3 pm), 01/11/25",,FSDI 102,,,,,,,,,,,,,
"Sunday, 01/12/25",,,,,,,,,,,,,,,
"Monday, 01/13/25",,FSDI 102,,,,,,,,,,,,,
"Tuesday, 01/14/25",FSDI 106,,,,,,,,,,,,,,
"Wednesday, 01/15/25",,FSDI 102,,,,,,,,,,,,,
"Thursday, 01/16/25",FSDI 106,,,,,,,,,,,,,,
"Friday, 01/17/25",,,,,,,,,,,,,,,
"Saturday (9 am - 12 pm), 01/18/25",FSDI 106,,,,,,,,,,,,,,
"Saturday (12 pm - 3 pm), 01/18/25",,FSDI 102,,,,,,,,,,,,,
"Sunday, 01/19/25",,,,,,,,,,,,,,,
"Monday, 01/20/25",,,,,,,,,,,,,,,
"Tuesday, 01/21/25",FSDI 106,,,,,,,,,,,,,,
"Wednesday, 01/22/25",,FSDI 103,,,,,,,,,,,,,
"Thursday, 01/23/25",FSDI 107,,,,,,,,,,,,,,
"Friday, 01/24/25",,,,,,,,,,,,,,,
"Saturday (9 am - 12 pm), 01/25/25",FSDI 107,,,,,,,,,,,,,,
"Saturday (12 pm - 3 pm), 01/25/25",,FSDI 103,,,,,,,,,,,,,
"Sunday, 01/26/25",,,,,,,,,,,,,,,
"Monday, 01/27/25",,FSDI 103,,,,,,,,,,,,,
"Tuesday, 01/28/25",FSDI 107,,,,,,,,,,,,,,
"Wednesday, 01/29/25",,FSDI 103,,,,,,,,,,,,,
"Thursday, 01/30/25",FSDI 107,,,,,,,,,,,,,,
"Friday, 01/31/25",,,,,,,,,,,,,,,
"Saturday (9 am - 12 pm), 02/01/25",FSDI 108,,,,,,,,,,,,,,
"Saturday (12 pm - 3 pm), 02/01/25",,FSDI 104,,,,,,,,,,,,,
"Sunday, 02/02/25",,,,,,,,,,,,,,,
"Monday, 02/03/25",,FSDI 104,,,,,,,,,,,,,
"Tuesday, 02/04/25",FSDI 108,,FSDI 101,,,,,,,,,,,,
"Wednesday, 02/05/25",,FSDI 104,,,,,,,,,,,,,
"Thursday, 02/06/25",FSDI 108,,FSDI 101,,,,,,,,,,,,
"Friday, 02/07/25",,,,,,,,,,,,,,,
"Saturday (9 am - 12 pm), 02/08/25",FSDI 108,,FSDI 101,,,,,,,,,,,,
"Saturday (12 pm - 3 pm), 02/08/25",,FSDI 104,,,,,,,,,,,,,
"Sunday, 02/09/25",,,,,,,,,,,,,,,
"Monday, 02/10/25",,FSDI 105,,,,,,,,,,,,,
"Tuesday, 02/11/25",FSDI 109,,FSDI 101,,,,,,,,,,,,
"Wednesday, 02/12/25",,FSDI 105,,,,,,,,,,,,,
"Thursday, 02/13/25",FSDI 109,,FSDI 102,,,,,,,,,,,,
"Friday, 02/14/25",,,,,,,,,,,,,,,
"Saturday (9 am - 12 pm), 02/15/25",FSDI 109,,FSDI 102,,,,,,,,,,,,
"Saturday (12 pm - 3 pm), 02/15/25",,FSDI 105,,,,,,,,,,,,,
"Sunday, 02/16/25",,,,,,,,,,,,,,,
"Monday, 02/17/25",,,,,,,,,,,,,,,
"Tuesday, 02/18/25",FSDI 109,,FSDI 102,,,,,,,,,,,,
"Wednesday, 02/19/25",,FSDI 105,,,,,,,,,,,,,
"Thursday, 02/20/25",FSDI 110,,FSDI 102,,,,,,,,,,,,
"Friday, 02/21/25",,,,,,,,,,,,,,,
"Saturday (9 am - 12 pm), 02/22/25",FSDI 110,,FSDI 103,,,,,,,,,,,,
"Saturday (12 pm - 3 pm), 02/22/25",,FSDI 106,,,,,,,,,,,,,
"Sunday, 02/23/25",,,,,,,,,,,,,,,
"Monday, 02/24/25",,FSDI 106,,,,,,,,,,,,,
"Tuesday, 02/25/25",FSDI 110,,FSDI 103,,,,,,,,,,,,
"Wednesday, 02/26/25",,FSDI 106,,,,,,,,,,,,,
"Thursday, 02/27/25",FSDI 110,,FSDI 103,,,,,,,,,,,,
"Friday, 02/28/25",,,,,,,,,,,,,,,
"Saturday (9 am - 12 pm), 03/01/25",FSDI 111,,FSDI 103,,,,,,,,,,,,
"Saturday (12 pm - 3 pm), 03/01/25",,FSDI 106,,,,,,,,,,,,,
"Sunday, 03/02/25",,,,,,,,,,,,,,,
"Monday, 03/03/25",,FSDI 107,,,,,,,,,,,,,
"Tuesday, 03/04/25",FSDI 111,,FSDI 104,,,,,,,,,,,,
"Wednesday, 03/05/25",,FSDI 107,,,,,,,,,,,,,
"Thursday, 03/06/25",FSDI 111,,FSDI 104,,,,,,,,,,,,
"Friday, 03/07/25",,,,,,,,,,,,,,,
"Saturday (9 am - 12 pm), 03/08/25",FSDI 111,,FSDI 104,,,,,,,,,,,,
"Saturday (12 pm - 3 pm), 03/08/25",,FSDI 107,,,,,,,,,,,,,
"Sunday, 03/09/25",,,,,,,,,,,,,,,
"Monday, 03/10/25",,FSDI 107,,FSDI 101,,,,,,,,,,,
"Tuesday, 03/11/25",FSDI 112,,FSDI 104,,,,,,,,,,,,
"Wednesday, 03/12/25",,FSDI 108,,FSDI 101,,,,,,,,,,,
"Thursday, 03/13/25",FSDI 112,,FSDI 105,,,,,,,,,,,,
"Friday, 03/14/25",,,,,,,,,,,,,,,
"Saturday (9 am - 12 pm), 03/15/25",FSDI 112,,FSDI 105,,,,,,,,,,,,
"Saturday (12 pm - 3 pm), 03/15/25",,FSDI 108,,FSDI 101,,,,,,,,,,,
"Sunday, 03/16/25",,,,,,,,,,,,,,,
"Monday, 03/17/25",,FSDI 108,,FSDI 101,,,,,,,,,,,
"Tuesday, 03/18/25",FSDI 112,,FSDI 105,,,,,,,,,,,,
"Wednesday, 03/19/25",,FSDI 108,,FSDI 102,,,,,,,,,,,
"Thursday, 03/20/25",FSDI 113,,FSDI 105,,,,,,,,,,,,
"Friday, 03/21/25",,,,,,,,,,,,,,,
"Saturday (9 am - 12 pm), 03/22/25",FSDI 113,,FSDI 106,,,,,,,,,,,,
"Saturday (12 pm - 3 pm), 03/22/25",,FSDI 109,,FSDI 102,,,,,,,,,,,
"Sunday, 03/23/25",,,,,,,,,,,,,,,
"Monday, 03/24/25",,FSDI 109,,FSDI 102,,,,,,,,,,,
"Tuesday, 03/25/25",FSDI 113,,FSDI 106,,,,,,,,,,,,
"Wednesday, 03/26/25",,FSDI 109,,FSDI 102,,,,,,,,,,,
"Thursday, 03/27/25",FSDI 113,,FSDI 106,,,,,,,,,,,,
"Friday, 03/28/25",,,,,,,,,,,,,,,
"Saturday (9 am - 12 pm), 03/29/25",FSDI 114,,FSDI 106,,,,,,,,,,,,
"Saturday (12 pm - 3 pm), 03/29/25",,FSDI 109,,FSDI 103,,,,,,,,,,,
"Sunday, 03/30/25",,,,,,,,,,,,,,,
"Monday, 03/31/25",,FSDI 110,,FSDI 103,,,,,,,,,,,
"Tuesday, 04/01/25",FSDI 114,,FSDI 107,,,,,,,,,,,,
"Wednesday, 04/02/25",,FSDI 110,,FSDI 103,,,,,,,,,,,
"Thursday, 04/03/25",FSDI 114,,FSDI 107,,,,,,,,,,,,
"Friday, 04/04/25",,,,,,,,,,,,,,,
"Saturday (9 am - 12 pm), 04/05/25",FSDI 114,,FSDI 107,,,,,,,,,,,,
"Saturday (12 pm - 3 pm), 04/05/25",,FSDI 110,,FSDI 103,,,,,,,,,,,
"Sunday, 04/06/25",,,,,,,,,,,,,,,
"Monday, 04/07/25",,FSDI 110,,FSDI 104,,,,,,,,,,,
"Tuesday, 04/08/25",FSDI 115,,FSDI 107,,,,,,,,,,,,
"Wednesday, 04/09/25",,FSDI 111,,FSDI 104,,,,,,,,,,,
"Thursday, 04/10/25",FSDI 115,,FSDI 108,,,,,,,,,,,,
"Friday, 04/11/25",,,,,,,,,,,,,,,
"Saturday (9 am - 12 pm), 04/12/25",FSDI 115,,FSDI 108,,,,,,,,,,,,
"Saturday (12 pm - 3 pm), 04/12/25",,FSDI 111,,FSDI 104,,,,,,,,,,,
"Sunday, 04/13/25",,,,,,,,,,,,,,,
"Monday, 04/14/25",,,,,,,,,,,,,,,
"Tuesday, 04/15/25",,,,,,,,,,,,,,,
"Wednesday, 04/16/25",,,,,,,,,,,,,,,
"Thursday, 04/17/25",,,,,,,,,,,,,,,
"Friday, 04/18/25",,,,,,,,,,,,,,,
"Saturday (9 am - 12 pm), 04/19/25",FSDI 115,,FSDI 108,,FSDI 101,,,,,,,,,,
"Saturday (12 pm - 3 pm), 04/19/25",,FSDI 111,,FSDI 104,Orientation,,,,,,,,,,
"Sunday, 04/20/25",,,,,,,,,,,,,,,
"Monday, 04/21/25",,FSDI 111,,FSDI 105,,,,,,,,,,,
"Tuesday, 04/22/25",FSDI 116,,FSDI 108,,FSDI 101,,,,,,,,,,
"Wednesday, 04/23/25",,FSDI 112,,FSDI 105,,,,,,,,,,,
"Thursday, 04/24/25",FSDI 116,,FSDI 109,,FSDI 101,,,,,,,,,,
"Friday, 04/25/25",,,,,,,,,,,,,,,
"Saturday (9 am - 12 pm), 04/26/25",FSDI 116,,FSDI 109,,FSDI 101,,,,,,,,,,
"Saturday (12 pm - 3 pm), 04/26/25",,FSDI 112,,FSDI 105,,,,,,,,,,,
"Sunday, 04/27/25",,,,,,,,,,,,,,,
"Monday, 04/28/25",,FSDI 112,,FSDI 105,,,,,,,,,,,
"Tuesday, 04/29/25",FSDI 116,,FSDI 109,,FSDI 102,,,,,,,,,,
"Wednesday, 04/30/25",,FSDI 112,,FSDI 106,,,,,,,,,,,
"Thursday, 05/01/25",FSDI 117,,FSDI 109,,FSDI 102,,,,,,,,,,
"Friday, 05/02/25",,,,,,,,,,,,,,,
"Saturday (9 am - 12 pm), 05/03/25",FSDI 117,,FSDI 110,,FSDI 102,,,,,,,,,,
"Saturday (12 pm - 3 pm), 05/03/25",,FSDI 113,,FSDI 106,,,,,,,,,,,
"Sunday, 05/04/25",,,,,,,,,,,,,,,
"Monday, 05/05/25",,FSDI 113,,FSDI 106,,,,,,,,,,,
"Tuesday, 05/06/25",FSDI 117,,FSDI 110,,FSDI 102,,,,,,,,,,
"Wednesday, 05/07/25",,FSDI 113,,FSDI 106,,,,,,,,,,,
"Thursday, 05/08/25",FSDI 117,,FSDI 110,,FSDI 103,,,,,,,,,,
"Friday, 05/09/25",,,,,,,,,,,,,,,
"Saturday (9 am - 12 pm), 05/10/25",FSDI 117,,FSDI 110,,FSDI 103,,,,,,,,,,
"Saturday (12 pm - 3 pm), 05/10/25",,FSDI 113,,FSDI 107,,,,,,,,,,,
"Sunday, 05/11/25",,,,,,,,,,,,,,,
"Monday, 05/12/25",,FSDI 114,,FSDI 107,,,,,,,,,,,
"Tuesday, 05/13/25",FSDI 117,,FSDI 111,,FSDI 103,,,,,,,,,,
"Wednesday, 05/14/25",,FSDI 114,,FSDI 107,,,,,,,,,,,
"Thursday, 05/15/25",FSDI 118,,FSDI 111,,FSDI 103,,,,,,,,,,
"Friday, 05/16/25",,,,,,,,,,,,,,,
"Saturday (9 am - 12 pm), 05/17/25",FSDI 118,,FSDI 111,,FSDI 104,,,,,,,,,,
"Saturday (12 pm - 3 pm), 05/17/25",,FSDI 114,,FSDI 107,,,,,,,,,,,
"Sunday, 05/18/25",,,,,,,,,,,,,,,
"Monday, 05/19/25",,FSDI 114,,FSDI 108,,,,,,,,,,,
"Tuesday, 05/20/25",FSDI 118,,FSDI 111,,FSDI 104,,,,,,,,,,
"Wednesday, 05/21/25",,FSDI 115,,FSDI 108,,,,,,,,,,,
"Thursday, 05/22/25",FSDI 118,,FSDI 112,,FSDI 104,,,,,,,,,,
"Friday, 05/23/25",,,,,,,,,,,,,,,
"Saturday (9 am - 12 pm), 05/24/25",FSDI 118,,FSDI 112,,FSDI 104,,,,,,,,,,
"Saturday (12 pm - 3 pm), 05/24/25",,,,FSDI 108,,,,,,,,,,,
"Sunday, 05/25/25",,,,,,,,,,,,,,,
"Monday, 05/26/25",,,,,,,,,,,,,,,
"Tuesday, 05/27/25",FSDI 118,,FSDI 112,,FSDI 105,,,,,,,,,,
"Wednesday, 05/28/25",,FSDI 115,,FSDI 108,,FSDI 101,,,,,,,,,
"Thursday, 05/29/25",FSDI 119,,FSDI 112,,FSDI 105,,,,,,,,,,
"Friday, 05/30/25",,,,,,,,,,,,,,,
"Saturday (9 am - 12 pm), 05/31/25",FSDI 119,,FSDI 113,,FSDI 105,,,,,,,,,,
"Saturday (12 pm - 3 pm), 05/31/25",,FSDI 115,,FSDI 109,,FSDI 101,,,,,,,,,
"Sunday, 06/01/25",,,,,,,,,,,,,,,
"Monday, 06/02/25",,FSDI 116,,FSDI 109,,FSDI 101,,,,,,,,,
"Tuesday, 06/03/25",FSDI 119,,FSDI 113,,FSDI 105,,,,,,,,,,
"Wednesday, 06/04/25",,FSDI 116,,FSDI 109,,FSDI 101,,,,,,,,,
"Thursday, 06/05/25",FSDI 119,,FSDI 113,,FSDI 106,,,,,,,,,,
"Friday, 06/06/25",,,,,,,,,,,,,,,
"Saturday (9 am - 12 pm), 06/07/25",FSDI 119,,FSDI 113,,FSDI 106,,,,,,,,,,
"Saturday (12 pm - 3 pm), 06/07/25",,FSDI 116,,FSDI 109,,FSDI 102,,,,,,,,,
"Sunday, 06/08/25",,,,,,,,,,,,,,,
"Monday, 06/09/25",,FSDI 116,,FSDI 110,,FSDI 102,,,,,,,,,
"Tuesday, 06/10/25",FSDI 119,,FSDI 114,,FSDI 106,,,,,,,,,,
"Wednesday, 06/11/25",,FSDI 117,,FSDI 110,,FSDI 102,,,,,,,,,
"Thursday, 06/12/25",FSDI 120,,FSDI 114,,FSDI 106,,,,,,,,,,
"Friday, 06/13/25",,,,,,,,,,,,,,,
"Saturday (9 am - 12 pm), 06/14/25",FSDI 120,,FSDI 114,,FSDI 107,,,,,,,,,,
"Saturday (12 pm - 3 pm), 06/14/25",,FSDI 117,,FSDI 110,,FSDI 102,,,,,,,,,
"Sunday, 06/15/25",,,,,,,,,,,,,,,
"Monday, 06/16/25",,FSDI 117,,FSDI 110,,FSDI 103,,,,,,,,,
"Tuesday, 06/17/25",FSDI 120,,FSDI 114,,FSDI 107,,,,,,,,,,
"Wednesday, 06/18/25",,FSDI 117,,FSDI 111,,FSDI 103,,,,,,,,,
"Thursday, 06/19/25",,,,,,,,,,,,,,,
"Friday, 06/20/25",,,,,,,,,,,,,,,
"Saturday (9 am - 12 pm), 06/21/25",FSDI 120,,FSDI 115,,FSDI 107,,,,,,,,,,
"Saturday (12 pm - 3 pm), 06/21/25",,FSDI 117,,FSDI 111,,FSDI 103,,,,,,,,,
"Sunday, 06/22/25",,,,,,,,,,,,,,,
"Monday, 06/23/25",,FSDI 117,,FSDI 111,,FSDI 103,,,,,,,,,
"Tuesday, 06/24/25",FSDI 120,,FSDI 115,,FSDI 107,,,,,,,,,,
"Wednesday, 06/25/25",,FSDI 118,,FSDI 111,,FSDI 104,,,,,,,,,
"Thursday, 06/26/25",FSDI 120,,FSDI 115,,FSDI 108,,,,,,,,,,
"Friday, 06/27/25",,,,,,,,,,,,,,,
"Saturday (9 am - 12 pm), 06/28/25",FSDI 120,,FSDI 115,,FSDI 108,,,,,,,,,,
"Saturday (12 pm - 3 pm), 06/28/25",,FSDI 118,,FSDI 112,,FSDI 104,,,,,,,,,
"Sunday, 06/29/25",,,,,,,,,,,,,,,
"Monday, 06/30/25",,FSDI 118,,FSDI 112,,FSDI 104,,MDI-1 101,,,,,,,
"Tuesday, 07/01/25",,,FSDI 116,,FSDI 108,,FSDI 101,,,,,,,,
"Wednesday, 07/02/25",,FSDI 118,,FSDI 112,,FSDI 104,,MDI-1 101,,,,,,,
"Thursday, 07/03/25",,,FSDI 116,,FSDI 108,,FSDI 101,,,,,,,,
"Friday, 07/04/25",,,,,,,,,,,,,,,
"Saturday (9 am - 12 pm), 07/05/25",,,FSDI 116,,FSDI 109,,FSDI 101,,,,,,,,
"Saturday (12 pm - 3 pm), 07/05/25",,FSDI 118,,FSDI 112,,FSDI 105,,MDI-1 101,,,,,,,
"Sunday, 07/06/25",,,,,,,,,,,,,,,
"Monday, 07/07/25",,FSDI 118,,FSDI 113,,FSDI 105,,MDI-1 101,,,,,,,
"Tuesday, 07/08/25",,,FSDI 116,,FSDI 109,,FSDI 101,,,,,,,,
"Wednesday, 07/09/25",,FSDI 119,,FSDI 113,,FSDI 105,,MDI-1 102,,,,,,,
"Thursday, 07/10/25",,,FSDI 117,,FSDI 109,,FSDI 102,,,,,,,,
"Friday, 07/11/25",,,,,,,,,,,,,,,
"Saturday (9 am - 12 pm), 07/12/25",,,FSDI 117,,FSDI 109,,FSDI 102,,,,,,,,
"Saturday (12 pm - 3 pm), 07/12/25",,FSDI 119,,FSDI 113,,FSDI 105,,MDI-1 102,,,,,,,
"Sunday, 07/13/25",,,,,,,,,,,,,,,
"Monday, 07/14/25",,FSDI 119,,FSDI 113,,FSDI 106,,MDI-1 102,,,,,,,
"Tuesday, 07/15/25",,,FSDI 117,,FSDI 110,,FSDI 102,,,,,,,,
"Wednesday, 07/16/25",,FSDI 119,,FSDI 114,,FSDI 106,,MDI-1 102,,,,,,,
"Thursday, 07/17/25",,,FSDI 117,,FSDI 110,,FSDI 102,,,,,,,,
"Friday, 07/18/25",,,,,,,,,,,,,,,
"Saturday (9 am - 12 pm), 07/19/25",,,FSDI 117,,FSDI 110,,FSDI 103,,,,,,,,
"Saturday (12 pm - 3 pm), 07/19/25",,FSDI 119,,FSDI 114,,FSDI 106,,MDI-1 103,,,,,,,
"Sunday, 07/20/25",,,,,,,,,,,,,,,
"Monday, 07/21/25",,FSDI 119,,FSDI 114,,FSDI 106,,MDI-1 103,,,,,,,
"Tuesday, 07/22/25",,,FSDI 117,,FSDI 110,,FSDI 103,,,,,,,,
"Wednesday, 07/23/25",,FSDI 120,,FSDI 114,,FSDI 107,,MDI-1 103,,,,,,,
"Thursday, 07/24/25",,,FSDI 118,,FSDI 111,,FSDI 103,,,,,,,,
"Friday, 07/25/25",,,,,,,,,,,,,,,
"Saturday (9 am - 12 pm), 07/26/25",,,FSDI 118,,FSDI 111,,FSDI 103,,,,,,,,
"Saturday (12 pm - 3 pm), 07/26/25",,FSDI 120,,FSDI 115,,FSDI 107,,MDI-1 103,,,,,,,
"Sunday, 07/27/25",,,,,,,,,,,,,,,
"Monday, 07/28/25",,FSDI 120,,FSDI 115,,FSDI 107,,MDI-1 104,,,,,,,
"Tuesday, 07/29/25",,,FSDI 118,,FSDI 111,,FSDI 104,,,,,,,,
"Wednesday, 07/30/25",,FSDI 120,,FSDI 115,,FSDI 107,,MDI-1 104,,,,,,,
"Thursday, 07/31/25",,,FSDI 118,,FSDI 111,,FSDI 104,,,,,,,,
"Friday, 08/01/25",,,,,,,,,,,,,,,
"Saturday (9 am - 12 pm), 08/02/25",,,FSDI 118,,FSDI 112,,FSDI 104,,,,,,,,
"Saturday (12 pm - 3 pm), 08/02/25",,FSDI 120,,FSDI 115,,FSDI 108,,MDI-1 104,,,,,,,
"Sunday, 08/03/25",,FSDI 120,,,,,,,,,,,,,
"Monday, 08/04/25",,,,FSDI 116,,FSDI 108,,MDI-1 104,FSDI 101,,,,,,
"Tuesday, 08/05/25",,,FSDI 118,,FSDI 112,,FSDI 104,,,MDI-1 101,,,,,
"Wednesday, 08/06/25",,,,FSDI 116,,FSDI 108,,MDI-1 105,FSDI 101,,,,,,
"Thursday, 08/07/25",,,FSDI 119,,FSDI 112,,FSDI 105,,,MDI-1 101,,,,,
"Friday, 08/08/25",,,,,FSDI 112,,,,,,,,,,
"Saturday (9 am - 12 pm), 08/09/25",,,FSDI 119,,,,FSDI 105,,,MDI-1 101,,,,,
"Saturday (12 pm - 3 pm), 08/09/25",,,,FSDI 116,,FSDI 108,,MDI-1 105,FSDI 101,,,,,,
"Sunday, 08/10/25",,,,,,,,,,,,,,,
"Monday, 08/11/25",,,,FSDI 116,,FSDI 109,,MDI-1 105,FSDI 101,,,,,,
"Tuesday, 08/12/25",,,FSDI 119,,FSDI 113,,FSDI 105,,,MDI-1 101,,,,,
"Wednesday, 08/13/25",,,,FSDI 117,,FSDI 109,,MDI-1 105,FSDI 102,,,,,,
"Thursday, 08/14/25",,,FSDI 119,,FSDI 113,,FSDI 105,,,MDI-1 102,,,,,
"Friday, 08/15/25",,,,,,,,,,,,,,,
"Saturday (9 am - 12 pm), 08/16/25",,,FSDI 119,,FSDI 113,,FSDI 106,,,MDI-1 102,,,,,
"Saturday (12 pm - 3 pm), 08/16/25",,,,FSDI 117,,FSDI 109,,MDI-1 106,FSDI 102,,,,,,
"Sunday, 08/17/25",,,,,,,,,,,,,,,
"Monday, 08/18/25",,,,FSDI 117,,FSDI 109,,MDI-1 106,FSDI 102,,,,,,
"Tuesday, 08/19/25",,,FSDI 119,,FSDI 113,,FSDI 106,,,MDI-1 102,,,,,
"Wednesday, 08/20/25",,,,FSDI 117,,FSDI 110,,MDI-1 106,FSDI 102,,,,,,
"Thursday, 08/21/25",,,FSDI 120,,FSDI 114,,FSDI 106,,,MDI-1 102,,,,,
"Friday, 08/22/25",,,,,,,,,,,,,,,
"Saturday (9 am - 12 pm), 08/23/25",,,FSDI 120,,FSDI 114,,FSDI 106,,,MDI-1 103,,,,,
"Saturday (12 pm - 3 pm), 08/23/25",,,,FSDI 117,,FSDI 110,,MDI-1 106,FSDI 103,,,,,,
"Sunday, 08/24/25",,,,,,,,,,,,,,,
"Monday, 08/25/25",,,,FSDI 117,,FSDI 110,,MDI-1 107,FSDI 103,,,,,,
"Tuesday, 08/26/25",,,FSDI 120,,FSDI 114,,FSDI 107,,,MDI-1 103,,,,,
"Wednesday, 08/27/25",,,,FSDI 118,,FSDI 110,,MDI-1 107,FSDI 103,,,,,,
"Thursday, 08/28/25",,,FSDI 120,,FSDI 114,,FSDI 107,,,MDI-1 103,,,,,
"Friday, 08/29/25",,,,,,,,,,,,,,,
"Saturday (9 am - 12 pm), 08/30/25",,,FSDI 120,,FSDI 115,,FSDI 107,,,MDI-1 103,,,,,
"Saturday (12 pm - 3 pm), 08/30/25",,,,FSDI 118,,FSDI 111,,MDI-1 107,FSDI 103,,,,,,
"Sunday, 08/31/25",,,,,,,,,,,,,,,
"Monday, 09/01/25",,,,,,,,,,,,,,,
"Tuesday, 09/02/25",,,FSDI 120,,FSDI 115,,FSDI 107,,,MDI-1 104,,,,,
"Wednesday, 09/03/25",,,,FSDI 118,,FSDI 111,,MDI-1 107,FSDI 104,,,,,,
"Thursday, 09/04/25",,,FSDI 120,,FSDI 115,,FSDI 108,,,MDI-1 104,,,,,
"Friday, 09/05/25",,,,,,,,,,,,,,,
"Saturday (9 am - 12 pm), 09/06/25",,,FSDI 120,,FSDI 115,,FSDI 108,,,MDI-1 104,,,,,
"Saturday (12 pm - 3 pm), 09/06/25",,,,FSDI 118,,FSDI 111,,MDI-1 108,FSDI 104,,,,,,
"Sunday, 09/07/25",,,FSDI 120,,,,,,,,,,,,
"Monday, 09/08/25",,,,FSDI 118,,FSDI 111,,MDI-1 108,FSDI 104,,Orientation,MDI-1 101,,,
"Tuesday, 09/09/25",,,,,FSDI 116,,FSDI 108,,,MDI-1 104,FSDI 101,,,,
"Wednesday, 09/10/25",,,,FSDI 118,,FSDI 112,,MDI-1 108,FSDI 104,,,MDI-1 101,,,
"Thursday, 09/11/25",,,,,FSDI 116,,FSDI 108,,,MDI-1 105,FSDI 101,,,,
"Friday, 09/12/25",,,,,,,,,FSDI 105,,,,,,
"Saturday (9 am - 12 pm), 09/13/25",,,,,FSDI 116,,FSDI 109,,,MDI-1 105,FSDI 101,,,,
"Saturday (12 pm - 3 pm), 09/13/25",,,,FSDI 119,,FSDI 112,,MDI-1 108,,,,MDI-1 101,,,
"Sunday, 09/14/25",,,,,,,,,,,,,,,
"Monday, 09/15/25",,,,FSDI 119,,FSDI 112,,MDI-1 109,FSDI 105,,,MDI-1 101,,,
"Tuesday, 09/16/25",,,,,FSDI 116,,FSDI 109,,,MDI-1 105,FSDI 101,,,,
"Wednesday, 09/17/25",,,,FSDI 119,,FSDI 112,,MDI-1 109,FSDI 105,,,MDI-1 102,,,
"Thursday, 09/18/25",,,,,FSDI 117,,FSDI 109,,,MDI-1 105,FSDI 102,,,,
"Friday, 09/19/25",,,,,,,,,,,,,,,
"Saturday (9 am - 12 pm), 09/20/25",,,,,FSDI 117,,FSDI 109,,,MDI-1 106,FSDI 102,,,,
"Saturday (12 pm - 3 pm), 09/20/25",,,,FSDI 119,,FSDI 113,,MDI-1 109,FSDI 105,,,MDI-1 102,,,
"Sunday, 09/21/25",,,,,,,,,,,,,,,
"Monday, 09/22/25",,,,FSDI 119,,FSDI 113,,MDI-1 109,FSDI 106,,,MDI-1 102,,,
"Tuesday, 09/23/25",,,,,FSDI 117,,FSDI 110,,,MDI-1 106,FSDI 102,,,,
"Wednesday, 09/24/25",,,,FSDI 119,,FSDI 113,,MDI-1 110,FSDI 106,,,MDI-1 102,,,
"Thursday, 09/25/25",,,,,FSDI 117,,FSDI 110,,,MDI-1 106,FSDI 102,,,,
"Friday, 09/26/25",,,,,,,,,,,,,,,
"Saturday (9 am - 12 pm), 09/27/25",,,,,FSDI 117,,FSDI 110,,,MDI-1 106,FSDI 103,,,,
"Saturday (12 pm - 3 pm), 09/27/25",,,,FSDI 120,,FSDI 113,,MDI-1 110,FSDI 106,,,MDI-1 103,,,
"Sunday, 09/28/25",,,,,,,,,,,,,,,
"Monday, 09/29/25",,,,FSDI 120,,FSDI 114,,MDI-1 110,FSDI 106,,,MDI-1 103,,,
"Tuesday, 09/30/25",,,,,FSDI 117,,FSDI 110,,,MDI-1 107,FSDI 103,,,,
"Wednesday, 10/01/25",,,,FSDI 120,,FSDI 114,,MDI-1 110,FSDI 107,,,MDI-1 103,,,
"Thursday, 10/02/25",,,,,FSDI 118,,FSDI 111,,,MDI-1 107,FSDI 103,,,,
"Friday, 10/03/25",,,,,,,,,,,,,,,
"Saturday (9 am - 12 pm), 10/04/25",,,,,FSDI 118,,FSDI 111,,,MDI-1 107,FSDI 103,,,,
"Saturday (12 pm - 3 pm), 10/04/25",,,,FSDI 120,,FSDI 114,,MDI-1 111,FSDI 107,,,MDI-1 103,,,
"Sunday, 10/05/25",,,,,,,,,,,,,,,
"Monday, 10/06/25",,,,FSDI 120,,FSDI 114,,MDI-1 111,FSDI 107,,,MDI-1 104,,,
"Tuesday, 10/07/25",,,,,FSDI 118,,FSDI 111,,,MDI-1 107,FSDI 104,,,,
"Wednesday, 10/08/25",,,,FSDI 120,,FSDI 115,,MDI-1 111,FSDI 107,,,MDI-1 104,,,
"Thursday, 10/09/25",,,,,FSDI 118,,FSDI 111,,,MDI-1 108,FSDI 104,,,,
"Friday, 10/10/25",,,,,,,,,,,,,,,
"Saturday (9 am - 12 pm), 10/11/25",,,,,FSDI 118,,FSDI 112,,,MDI-1 108,FSDI 104,,,,
"Saturday (12 pm - 3 pm), 10/11/25",,,,FSDI 120,,FSDI 115,,MDI-1 111,FSDI 108,,,MDI-1 104,,,
"Sunday, 10/12/25",,,,FSDI 120,,,,,,,,,,,
"Monday, 10/13/25",,,,,,FSDI 115,,MDI-1 112,FSDI 108,,,MDI-1 104,FSDI 101,,
"Tuesday, 10/14/25",,,,,FSDI 118,,FSDI 112,,,MDI-1 108,FSDI 104,,,MDI-1 101,
"Wednesday, 10/15/25",,,,,,FSDI 115,,MDI-1 112,FSDI 108,,,MDI-1 105,FSDI 101,,
"Thursday, 10/16/25",,,,,FSDI 119,,FSDI 112,,,MDI-1 108,FSDI 105,,,MDI-1 101,
"Friday, 10/17/25",,,,,,,,,,,,,,,
"Saturday (9 am - 12 pm), 10/18/25",,,,,FSDI 119,,FSDI 112,,,MDI-1 109,FSDI 105,,,MDI-1 101,
"Saturday (12 pm - 3 pm), 10/18/25",,,,,,FSDI 116,,MDI-1 112,FSDI 108,,,MDI-1 105,FSDI 101,,
"Sunday, 10/19/25",,,,,,,,,,,,,,,
"Monday, 10/20/25",,,,,,FSDI 116,,MDI-1 112,FSDI 109,,,MDI-1 105,FSDI 101,,
"Tuesday, 10/21/25",,,,,FSDI 119,,FSDI 113,,,MDI-1 109,FSDI 105,,,MDI-1 101,
"Wednesday, 10/22/25",,,,,,FSDI 116,,MDI-1 113,FSDI 109,,,MDI-1 105,FSDI 102,,
"Thursday, 10/23/25",,,,,FSDI 119,,FSDI 113,,,MDI-1 109,FSDI 105,,,MDI-1 102,
"Friday, 10/24/25",,,,,,,,,,,,,,,
"Saturday (9 am - 12 pm), 10/25/25",,,,,FSDI 119,,FSDI 113,,,MDI-1 109,FSDI 106,,,MDI-1 102,
"Saturday (12 pm - 3 pm), 10/25/25",,,,,,FSDI 116,,MDI-1 113,FSDI 109,,,MDI-1 106,FSDI 102,,
"Sunday, 10/26/25",,,,,,,,,,,,,,,
"Monday, 10/27/25",,,,,,FSDI 117,,MDI-1 113,FSDI 109,,,MDI-1 106,FSDI 102,,
"Tuesday, 10/28/25",,,,,FSDI 119,,FSDI 113,,,MDI-1 110,FSDI 106,,,MDI-1 102,
"Wednesday, 10/29/25",,,,,,FSDI 117,,MDI-1 113,FSDI 110,,,MDI-1 106,FSDI 102,,
"Thursday, 10/30/25",,,,,FSDI 120,,FSDI 114,,,MDI-1 110,FSDI 106,,,MDI-1 102,
"Friday, 10/31/25",,,,,,,,,,,,,,,
"Saturday (9 am - 12 pm), 11/01/25",,,,,FSDI 120,,FSDI 114,,,MDI-1 110,FSDI 106,,,MDI-1 103,
"Saturday (12 pm - 3 pm), 11/01/25",,,,,,FSDI 117,,MDI-1 114,FSDI 110,,,MDI-1 106,FSDI 103,,
"Sunday, 11/02/25",,,,,,,,,,,,,,,
"Monday, 11/03/25",,,,,,FSDI 117,,MDI-1 114,FSDI 110,,,MDI-1 107,FSDI 103,,
"Tuesday, 11/04/25",,,,,FSDI 120,,FSDI 114,,,MDI-1 110,FSDI 107,,,MDI-1 103,
"Wednesday, 11/05/25",,,,,,FSDI 117,,MDI-1 114,FSDI 110,,,MDI-1 107,FSDI 103,,
"Thursday, 11/06/25",,,,,FSDI 120,,FSDI 114,,,MDI-1 111,FSDI 107,,,MDI-1 103,
"Friday, 11/07/25",,,,,,,,,,,,,,,
"Saturday (9 am - 12 pm), 11/08/25",,,,,FSDI 120,,FSDI 115,,,MDI-1 111,FSDI 107,,,MDI-1 103,
"Saturday (12 pm - 3 pm), 11/08/25",,,,,,FSDI 117,,MDI-1 114,FSDI 111,,,MDI-1 107,FSDI 103,,
"Sunday, 11/09/25",,,,,,,,,,,,,,,
"Monday, 11/10/25",,,,,,FSDI 118,,MDI-1 115,FSDI 111,,,MDI-1 107,FSDI 104,,
"Tuesday, 11/11/25",,,,,,,,,,,,,,,
"Wednesday, 11/12/25",,,,,,FSDI 118,,MDI-1 115,FSDI 111,,,MDI-1 108,FSDI 104,,
"Thursday, 11/13/25",,,,,FSDI 120,,FSDI 115,,,MDI-1 111,FSDI 107,,,MDI-1 104,
"Friday, 11/14/25",,,,,,,,,,,,,,,
"Saturday (9 am - 12 pm), 11/15/25",,,,,FSDI 120,,FSDI 115,,,MDI-1 111,FSDI 108,,,MDI-1 104,
"Saturday (12 pm - 3 pm), 11/15/25",,,,,,FSDI 118,,MDI-1 115,FSDI 111,,,MDI-1 108,FSDI 104,,
"Sunday, 11/16/25",,,,,FSDI 120,,,,,,,,,,
"Monday, 11/17/25",,,,,,FSDI 118,,MDI-1 115,FSDI 112,,,MDI-1 108,FSDI 104,,
"Tuesday, 11/18/25",,,,,,,FSDI 115,,,MDI-1 112,FSDI 108,,,MDI-1 104,FSDI 101
"Wednesday, 11/19/25",,,,,,FSDI 118,,MDI-1 116,FSDI 112,,,MDI-1 108,FSDI 105,,
"Thursday, 11/20/25",,,,,,,FSDI 116,,,MDI-1 112,FSDI 108,,,MDI-1 104,FSDI 101
"Friday, 11/21/25",,,,,,,,,,,,,,,
"Saturday (9 am - 12 pm), 11/22/25",,,,,,,FSDI 116,,,MDI-1 112,FSDI 108,,,MDI-1 105,FSDI 101
"Saturday (12 pm - 3 pm), 11/22/25",,,,,,FSDI 118,,MDI-1 116,FSDI 112,,,MDI-1 109,FSDI 105,,
"Sunday, 11/23/25",,,,,,,,,,,,,,,
"Monday, 11/24/25",,,,,,FSDI 119,,MDI-1 116,FSDI 112,,,MDI-1 109,FSDI 105,,
"Tuesday, 11/25/25",,,,,,,FSDI 116,,,MDI-1 112,FSDI 109,,,MDI-1 105,FSDI 101
"Wednesday, 11/26/25",,,,,,FSDI 119,,MDI-1 116,FSDI 113,,,MDI-1 109,FSDI 105,,
"Thursday, 11/27/25",,,,,,,,,,,,,,,
"Friday, 11/28/25",,,,,,,,,,,,,,,
"Saturday (9 am - 12 pm), 11/29/25",,,,,,,FSDI 116,,,MDI-1 113,FSDI 109,,,MDI-1 105,FSDI 102
"Saturday (12 pm - 3 pm), 11/29/25",,,,,,FSDI 119,,MDI-1 117,FSDI 113,,,MDI-1 109,FSDI 106,,
"Sunday, 11/30/25",,,,,,,,,,,,,,,
"Monday, 12/01/25",,,,,,FSDI 119,,MDI-1 117,FSDI 113,,,MDI-1 110,FSDI 106,,
"Tuesday, 12/02/25",,,,,,,FSDI 117,,,MDI-1 113,FSDI 109,,,MDI-1 105,FSDI 102
"Wednesday, 12/03/25",,,,,,FSDI 119,,MDI-1 117,FSDI 113,,,MDI-1 110,FSDI 106,,
"Thursday, 12/04/25",,,,,,,FSDI 117,,,MDI-1 113,FSDI 109,,,MDI-1 106,FSDI 102
"Friday, 12/05/25",,,,,,,,,,,,,,,
"Saturday (9 am - 12 pm), 12/06/25",,,,,,,FSDI 117,,,MDI-1 113,FSDI 110,,,MDI-1 106,FSDI 102
"Saturday (12 pm - 3 pm), 12/06/25",,,,,,FSDI 119,,MDI-1 117,FSDI 114,,,MDI-1 110,FSDI 106,,
"Sunday, 12/07/25",,,,,,,,,,,,,,,
"Monday, 12/08/25",,,,,,FSDI 120,,MDI-1 117,FSDI 114,,,MDI-1 110,FSDI 107,,
"Tuesday, 12/09/25",,,,,,,FSDI 117,,,MDI-1 114,FSDI 110,,,MDI-1 106,FSDI 103
"Wednesday, 12/10/25",,,,,,FSDI 120,,MDI-1 117,FSDI 114,,,MDI-1 111,FSDI 107,,
"Thursday, 12/11/25",,,,,,,FSDI 117,,,MDI-1 114,FSDI 110,,,MDI-1 106,FSDI 103
"Friday, 12/12/25",,,,,,,,,,,,,,,
"Saturday (9 am - 12 pm), 12/13/25",,,,,,,FSDI 117,,,MDI-1 114,FSDI 110,,,MDI-1 107,FSDI 103
"Saturday (12 pm - 3 pm), 12/13/25",,,,,,FSDI 120,,MDI-1 118,FSDI 114,,,MDI-1 111,FSDI 107,,
"Sunday, 12/14/25",,,,,,,,,,,,,,,
"Monday, 12/15/25",,,,,,FSDI 120,,MDI-1 118,FSDI 115,,,MDI-1 111,FSDI 107,,
"Tuesday, 12/16/25",,,,,,,FSDI 118,,,MDI-1 114,FSDI 111,,,MDI-1 107,FSDI 103
"Wednesday, 12/17/25",,,,,,FSDI 120,,MDI-1 118,FSDI 115,,,MDI-1 111,FSDI 108,,
"Thursday, 12/18/25",,,,,,,FSDI 118,,,MDI-1 115,FSDI 111,,,MDI-1 107,FSDI 104
"Friday, 12/19/25",,,,,,,,,,,,,,,
"Saturday (9 am - 12 pm), 12/20/25",,,,,,,FSDI 118,,,MDI-1 115,FSDI 111,,,MDI-1 107,FSDI 104
"Saturday (12 pm - 3 pm), 12/20/25",,,,,,FSDI 120,,MDI-1 118,FSDI 115,,,MDI-1 112,FSDI 108,,
"Sunday, 12/21/25",,,,,,FSDI 120,,,,,,,,,
"Monday, 12/22/25",,,,,,,,,,,,,,,
"Tuesday, 12/23/25",,,,,,,,,,,,,,,
"Wednesday, 12/24/25",,,,,,,,,,,,,,,
"Thursday, 12/25/25",,,,,,,,,,,,,,,
"Friday, 12/26/25",,,,,,,,,,,,,,,
"Saturday (9 am - 12 pm), 12/27/25",,,,,,,,,,,,,,,
"Saturday (12 pm - 3 pm), 12/27/25",,,,,,,,,,,,,,,
"Sunday, 12/28/25",,,,,,,,,,,,,,,
"Monday, 12/29/25",,,,,,,,,,,,,,,
"Tuesday, 12/30/25",,,,,,,,,,,,,,,
"Wednesday, 12/31/25",,,,,,,,,,,,,,,
"Thursday, 01/01/26",,,,,,,,,,,,,,,
"Friday, 01/02/26",,,,,,,,,,,,,,,
"Saturday (9 am - 12 pm), 01/03/26",,,,,,,,,,MDI-1 115,,,,,
"Saturday (12 pm - 3 pm), 01/03/26",,,,,,,,,,,,,,,
"Sunday, 01/04/26",,,,,,,,,,,,,,,
"Monday, 01/05/26",,,,,,,,MDI-1 118,FSDI 115,,,MDI-1 112,FSDI 108,,
"Tuesday, 01/06/26",,,,,,,FSDI 118,,,MDI-1 115,FSDI 111,,,MDI-1 108,FSDI 104
"Wednesday, 01/07/26",,,,,,,,MDI-1 118,FSDI 116,,,MDI-1 112,FSDI 108,,
"Thursday, 01/08/26",,,,,,,FSDI 118,,,MDI-1 116,FSDI 112,,,MDI-1 108,FSDI 104
"Friday, 01/09/26",,,,,,,,,,,,,,,
"Saturday (9 am - 12 pm), 01/10/26",,,,,,,FSDI 118,,,MDI-1 116,FSDI 112,,,MDI-1 108,FSDI 105
"Saturday (12 pm - 3 pm), 01/10/26",,,,,,,,MDI-1 119,FSDI 116,,,MDI-1 112,FSDI 109,,
"Sunday, 01/11/26",,,,,,,,,,,,,,,
"Monday, 01/12/26",,,,,,,,MDI-1 119,FSDI 116,,,MDI-1 113,FSDI 109,,
"Tuesday, 01/13/26",,,,,,,FSDI 119,,,MDI-1 116,FSDI 112,,,MDI-1 108,FSDI 105
"Wednesday, 01/14/26",,,,,,,,MDI-1 119,FSDI 116,,,MDI-1 113,FSDI 109,,
"Thursday, 01/15/26",,,,,,,FSDI 119,,,MDI-1 116,FSDI 112,,,MDI-1 109,FSDI 105
"Friday, 01/16/26",,,,,,,,,,,,,,,
"Saturday (9 am - 12 pm), 01/17/26",,,,,,,FSDI 119,,,MDI-1 117,FSDI 113,,,MDI-1 109,FSDI 105
"Saturday (12 pm - 3 pm), 01/17/26",,,,,,,,MDI-1 119,FSDI 117,,,MDI-1 113,FSDI 109,,
"Sunday, 01/18/26",,,,,,,,,,,,,,,
"Monday, 01/19/26",,,,,,,,,,,,,,,
"Tuesday, 01/20/26",,,,,,,FSDI 119,,,MDI-1 117,FSDI 113,,,MDI-1 109,FSDI 106
"Wednesday, 01/21/26",,,,,,,,MDI-1 119,FSDI 117,,,MDI-1 113,FSDI 110,,
"Thursday, 01/22/26",,,,,,,FSDI 119,,,MDI-1 117,FSDI 113,,,MDI-1 109,FSDI 106
"Friday, 01/23/26",,,,,,,,,,,,,,,
"Saturday (9 am - 12 pm), 01/24/26",,,,,,,FSDI 119,,,MDI-1 117,FSDI 113,,,MDI-1 110,FSDI 106
"Saturday (12 pm - 3 pm), 01/24/26",,,,,,,,MDI-1 119,FSDI 117,,,MDI-1 114,FSDI 110,,
"Sunday, 01/25/26",,,,,,,,,,,,,,,
"Monday, 01/26/26",,,,,,,,MDI-1 120,FSDI 117,,,MDI-1 114,FSDI 110,,
"Tuesday, 01/27/26",,,,,,,FSDI 120,,,MDI-1 117,FSDI 114,,,MDI-1 110,FSDI 106
"Wednesday, 01/28/26",,,,,,,,MDI-1 120,FSDI 117,,,MDI-1 114,FSDI 110,,
"Thursday, 01/29/26",,,,,,,FSDI 120,,,MDI-1 117,FSDI 114,,,MDI-1 110,FSDI 107
"Friday, 01/30/26",,,,,,,,,,,,,,,
"Saturday (9 am - 12 pm), 01/31/26",,,,,,,FSDI 120,,,MDI-1 118,FSDI 114,,,MDI-1 110,FSDI 107
"Saturday (12 pm - 3 pm), 01/31/26",,,,,,,,MDI-1 120,FSDI 117,,,MDI-1 114,FSDI 111,,
"Sunday, 02/01/26",,,,,,,,,,,,,,,
"Monday, 02/02/26",,,,,,,,MDI-1 120,FSDI 118,,,MDI-1 115,FSDI 111,,
"Tuesday, 02/03/26",,,,,,,FSDI 120,,,MDI-1 118,FSDI 114,,,MDI-1 111,FSDI 107
"Wednesday, 02/04/26",,,,,,,,MDI-1 120,FSDI 118,,,MDI-1 115,FSDI 111,,
"Thursday, 02/05/26",,,,,,,FSDI 120,,,MDI-1 118,FSDI 115,,,MDI-1 111,FSDI 107
"Friday, 02/06/26",,,,,,,,,,,,,,,
"Saturday (9 am - 12 pm), 02/07/26",,,,,,,FSDI 120,,,MDI-1 118,FSDI 115,,,MDI-1 111,FSDI 108
"Saturday (12 pm - 3 pm), 02/07/26",,,,,,,,MDI-1 120,FSDI 118,,,MDI-1 115,FSDI 111,,
"Sunday, 02/08/26",,,,,,,FSDI 120,MDI-1 120,,,,,,,
"Monday, 02/09/26",,,,,,,,,FSDI 118,,,MDI-1 115,FSDI 112,,
"Tuesday, 02/10/26",,,,,,,,,,MDI-1 118,FSDI 115,,,MDI-1 111,FSDI 108
"Wednesday, 02/11/26",,,,,,,,,FSDI 118,,,MDI-1 116,FSDI 112,,
"Thursday, 02/12/26",,,,,,,,,,MDI-1 118,FSDI 115,,,MDI-1 112,FSDI 108
"Friday, 02/13/26",,,,,,,,,,,,,,,
"Saturday (9 am - 12 pm), 02/14/26",,,,,,,,,,MDI-1 119,FSDI 116,,,MDI-1 112,FSDI 108
"Saturday (12 pm - 3 pm), 02/14/26",,,,,,,,,FSDI 118,,,MDI-1 116,FSDI 112,,
"Sunday, 02/15/26",,,,,,,,,,,,,,,
"Monday, 02/16/26",,,,,,,,,,,,,,,
"Tuesday, 02/17/26",,,,,,,,,,MDI-1 119,FSDI 116,,,MDI-1 112,FSDI 109
"Wednesday, 02/18/26",,,,,,,,,FSDI 119,,,MDI-1 116,FSDI 112,,
"Thursday, 02/19/26",,,,,,,,,,MDI-1 119,FSDI 116,,,MDI-1 112,FSDI 109
"Friday, 02/20/26",,,,,,,,,,,,,,,
"Saturday (9 am - 12 pm), 02/21/26",,,,,,,,,,MDI-1 119,FSDI 116,,,MDI-1 113,FSDI 109
"Saturday (12 pm - 3 pm), 02/21/26",,,,,,,,,FSDI 119,,,MDI-1 116,FSDI 113,,
"Sunday, 02/22/26",,,,,,,,,,,,,,,
"Monday, 02/23/26",,,,,,,,,FSDI 119,,,MDI-1 117,FSDI 113,,
"Tuesday, 02/24/26",,,,,,,,,,MDI-1 119,FSDI 117,,,MDI-1 113,FSDI 109
"Wednesday, 02/25/26",,,,,,,,,FSDI 119,,,MDI-1 117,FSDI 113,,
"Thursday, 02/26/26",,,,,,,,,,MDI-1 119,FSDI 117,,,MDI-1 113,FSDI 110
"Friday, 02/27/26",,,,,,,,,,,,,,,
"Saturday (9 am - 12 pm), 02/28/26",,,,,,,,,,MDI-1 120,FSDI 117,,,MDI-1 113,FSDI 110
"Saturday (12 pm - 3 pm), 02/28/26",,,,,,,,,FSDI 119,,,MDI-1 117,FSDI 113,,
"Sunday, 03/01/26",,,,,,,,,,,,,,,
"Monday, 03/02/26",,,,,,,,,FSDI 119,,,MDI-1 117,FSDI 114,,
"Tuesday, 03/03/26",,,,,,,,,,MDI-1 120,FSDI 117,,,MDI-1 114,FSDI 110
"Wednesday, 03/04/26",,,,,,,,,FSDI 120,,,MDI-1 117,FSDI 114,,
"Thursday, 03/05/26",,,,,,,,,,MDI-1 120,FSDI 117,,,MDI-1 114,FSDI 110
"Friday, 03/06/26",,,,,,,,,,,,,,,
"Saturday (9 am - 12 pm), 03/07/26",,,,,,,,,,MDI-1 120,FSDI 117,,,MDI-1 114,FSDI 111
"Saturday (12 pm - 3 pm), 03/07/26",,,,,,,,,FSDI 120,,,MDI-1 117,FSDI 114,,
"Sunday, 03/08/26",,,,,,,,,,,,,,,
"Monday, 03/09/26",,,,,,,,,FSDI 120,,,MDI-1 118,FSDI 114,,
"Tuesday, 03/10/26",,,,,,,,,,MDI-1 120,FSDI 118,,,MDI-1 114,FSDI 111
"Wednesday, 03/11/26",,,,,,,,,FSDI 120,,,MDI-1 118,FSDI 115,,
"Thursday, 03/12/26",,,,,,,,,,MDI-1 120,FSDI 118,,,MDI-1 115,FSDI 111
"Friday, 03/13/26",,,,,,,,,,,,,,,
"Saturday (9 am - 12 pm), 03/14/26",,,,,,,,,,MDI-1 120,FSDI 118,,,MDI-1 115,FSDI 111
"Saturday (12 pm - 3 pm), 03/14/26",,,,,,,,,FSDI 120,,,MDI-1 118,FSDI 115,,
"Sunday, 03/15/26",,,,,,,,,FSDI 120,MDI-1 120,,,,,
"Monday, 03/16/26",,,,,,,,,,,,MDI-1 118,FSDI 115,,
"Tuesday, 03/17/26",,,,,,,,,,,FSDI 118,,,MDI-1 115,FSDI 112
"Wednesday, 03/18/26",,,,,,,,,,,,MDI-1 118,FSDI 115,,
"Thursday, 03/19/26",,,,,,,,,,,FSDI 118,,,MDI-1 115,FSDI 112
"Friday, 03/20/26",,,,,,,,,,,,,,,
"Saturday (9 am - 12 pm), 03/21/26",,,,,,,,,,,FSDI 118,,,MDI-1 116,FSDI 112
"Saturday (12 pm - 3 pm), 03/21/26",,,,,,,,,,,,MDI-1 118,FSDI 116,,
"Sunday, 03/22/26",,,,,,,,,,,,,,,
"Monday, 03/23/26",,,,,,,,,,,,MDI-1 119,FSDI 116,,
"Tuesday, 03/24/26",,,,,,,,,,,FSDI 119,,,MDI-1 116,FSDI 112
"Wednesday, 03/25/26",,,,,,,,,,,,MDI-1 119,FSDI 116,,
"Thursday, 03/26/26",,,,,,,,,,,FSDI 119,,,MDI-1 116,FSDI 113
"Friday, 03/27/26",,,,,,,,,,,,,,,
"Saturday (9 am - 12 pm), 03/28/26",,,,,,,,,,,FSDI 119,,,MDI-1 116,FSDI 113
"Saturday (12 pm - 3 pm), 03/28/26",,,,,,,,,,,,MDI-1 119,FSDI 116,,
"Sunday, 03/29/26",,,,,,,,,,,,,,,
"Monday, 03/30/26",,,,,,,,,,,,,,,
"Tuesday, 03/31/26",,,,,,,,,,,,,,,
"Wednesday, 04/01/26",,,,,,,,,,,,,,,
"Thursday, 04/02/26",,,,,,,,,,,,,,,
"Friday, 04/03/26",,,,,,,,,,,,,,,
"Saturday (9 am - 12 pm), 04/04/26",,,,,,,,,,,FSDI 119,,,MDI-1 117,FSDI 113
"Saturday (12 pm - 3 pm), 04/04/26",,,,,,,,,,,,MDI-1 119,FSDI 117,,
"Sunday, 04/05/26",,,,,,,,,,,,,,,
"Monday, 04/06/26",,,,,,,,,,,,MDI-1 119,FSDI 117,,
"Tuesday, 04/07/26",,,,,,,,,,,FSDI 119,,,MDI-1 117,FSDI 113
"Wednesday, 04/08/26",,,,,,,,,,,,MDI-1 119,FSDI 117,,
"Thursday, 04/09/26",,,,,,,,,,,FSDI 119,,,MDI-1 117,FSDI 114
"Friday, 04/10/26",,,,,,,,,,,,,,,
"Saturday (9 am - 12 pm), 04/11/26",,,,,,,,,,,FSDI 120,,,MDI-1 117,FSDI 114
"Saturday (12 pm - 3 pm), 04/11/26",,,,,,,,,,,,MDI-1 120,FSDI 117,,
"Sunday, 04/12/26",,,,,,,,,,,,,,,
"Monday, 04/13/26",,,,,,,,,,,,MDI-1 120,FSDI 117,,
"Tuesday, 04/14/26",,,,,,,,,,,FSDI 120,,,MDI-1 117,FSDI 114
"Wednesday, 04/15/26",,,,,,,,,,,,MDI-1 120,FSDI 117,,
"Thursday, 04/16/26",,,,,,,,,,,FSDI 120,,,MDI-1 117,FSDI 114
"Friday, 04/17/26",,,,,,,,,,,,,,,
"Saturday (9 am - 12 pm), 04/18/26",,,,,,,,,,,FSDI 120,,,MDI-1 118,FSDI 115
"Saturday (12 pm - 3 pm), 04/18/26",,,,,,,,,,,,MDI-1 120,FSDI 118,,
"Sunday, 04/19/26",,,,,,,,,,,,,,,
"Monday, 04/20/26",,,,,,,,,,,,MDI-1 120,FSDI 118,,
"Tuesday, 04/21/26",,,,,,,,,,,FSDI 120,,,MDI-1 118,FSDI 115
"Wednesday, 04/22/26",,,,,,,,,,,,MDI-1 120,FSDI 118,,
"Thursday, 04/23/26",,,,,,,,,,,FSDI 120,,,MDI-1 118,FSDI 115
"Friday, 04/24/26",,,,,,,,,,,,,,,
"Saturday (9 am - 12 pm), 04/25/26",,,,,,,,,,,FSDI 120,,,MDI-1 118,FSDI 115
"Saturday (12 pm - 3 pm), 04/25/26",,,,,,,,,,,,MDI-1 120,FSDI 118,,
"Sunday, 04/26/26",,,,,,,,,,,FSDI 120,MDI-1 120,,,
"Monday, 04/27/26",,,,,,,,,,,,,FSDI 118,,
"Tuesday, 04/28/26",,,,,,,,,,,,,,MDI-1 118,FSDI 116
"Wednesday, 04/29/26",,,,,,,,,,,,,FSDI 118,,
"Thursday, 04/30/26",,,,,,,,,,,,,,MDI-1 118,FSDI 116
"Friday, 05/01/26",,,,,,,,,,,,,,,
"Saturday (9 am - 12 pm), 05/02/26",,,,,,,,,,,,,,MDI-1 119,FSDI 116
"Saturday (12 pm - 3 pm), 05/02/26",,,,,,,,,,,,,FSDI 119,,
"Sunday, 05/03/26",,,,,,,,,,,,,,,
"Monday, 05/04/26",,,,,,,,,,,,,FSDI 119,,
"Tuesday, 05/05/26",,,,,,,,,,,,,,MDI-1 119,FSDI 116
"Wednesday, 05/06/26",,,,,,,,,,,,,FSDI 119,,
"Thursday, 05/07/26",,,,,,,,,,,,,,MDI-1 119,FSDI 117
"Friday, 05/08/26",,,,,,,,,,,,,,,
"Saturday (9 am - 12 pm), 05/09/26",,,,,,,,,,,,,,MDI-1 119,FSDI 117
"Saturday (12 pm - 3 pm), 05/09/26",,,,,,,,,,,,,FSDI 119,,
"Sunday, 05/10/26",,,,,,,,,,,,,,,
"Monday, 05/11/26",,,,,,,,,,,,,FSDI 119,,
"Tuesday, 05/12/26",,,,,,,,,,,,,,MDI-1 119,FSDI 117
"Wednesday, 05/13/26",,,,,,,,,,,,,FSDI 119,,
"Thursday, 05/14/26",,,,,,,,,,,,,,MDI-1 119,FSDI 117
"Friday, 05/15/26",,,,,,,,,,,,,,,
"Saturday (9 am - 12 pm), 05/16/26",,,,,,,,,,,,,,MDI-1 120,FSDI 117
"Saturday (12 pm - 3 pm), 05/16/26",,,,,,,,,,,,,FSDI 120,,
"Sunday, 05/17/26",,,,,,,,,,,,,,,
"Monday, 05/18/26",,,,,,,,,,,,,FSDI 120,,
"Tuesday, 05/19/26",,,,,,,,,,,,,,MDI-1 120,FSDI 117
"Wednesday, 05/20/26",,,,,,,,,,,,,FSDI 120,,
"Thursday, 05/21/26",,,,,,,,,,,,,,MDI-1 120,FSDI 118
"Friday, 05/22/26",,,,,,,,,,,,,,,
"Saturday (9 am - 12 pm), 05/23/26",,,,,,,,,,,,,,MDI-1 120,FSDI 118
"Saturday (12 pm - 3 pm), 05/23/26",,,,,,,,,,,,,FSDI 120,,
"Sunday, 05/24/26",,,,,,,,,,,,,,,
"Monday, 05/25/26",,,,,,,,,,,,,,,
"Tuesday, 05/26/26",,,,,,,,,,,,,,MDI-1 120,FSDI 118
"Wednesday, 05/27/26",,,,,,,,,,,,,FSDI 120,,
"Thursday, 05/28/26",,,,,,,,,,,,,,MDI-1 120,FSDI 118
"Friday, 05/29/26",,,,,,,,,,,,,,,
"Saturday (9 am - 12 pm), 05/30/26",,,,,,,,,,,,,,MDI-1 120,FSDI 118
"Saturday (12 pm - 3 pm), 05/30/26",,,,,,,,,,,,,FSDI 120,,
"Sunday, 05/31/26",,,,,,,,,,,,,FSDI 120,MDI-1 120,
"Monday, 06/01/26",,,,,,,,,,,,,,,
"Tuesday, 06/02/26",,,,,,,,,,,,,,,FSDI 118
"Wednesday, 06/03/26",,,,,,,,,,,,,,,
"Thursday, 06/04/26",,,,,,,,,,,,,,,FSDI 119
"Friday, 06/05/26",,,,,,,,,,,,,,,
"Saturday (9 am - 12 pm), 06/06/26",,,,,,,,,,,,,,,FSDI 119
"Saturday (12 pm - 3 pm), 06/06/26",,,,,,,,,,,,,,,
"Sunday, 06/07/26",,,,,,,,,,,,,,,
"Monday, 06/08/26",,,,,,,,,,,,,,,
"Tuesday, 06/09/26",,,,,,,,,,,,,,,FSDI 119
"Wednesday, 06/10/26",,,,,,,,,,,,,,,
"Thursday, 06/11/26",,,,,,,,,,,,,,,FSDI 119
"Friday, 06/12/26",,,,,,,,,,,,,,,
"Saturday (9 am - 12 pm), 06/13/26",,,,,,,,,,,,,,,FSDI 119
"Saturday (12 pm - 3 pm), 06/13/26",,,,,,,,,,,,,,,
"Sunday, 06/14/26",,,,,,,,,,,,,,,
"Monday, 06/15/26",,,,,,,,,,,,,,,
"Tuesday, 06/16/26",,,,,,,,,,,,,,,FSDI 119
"Wednesday, 06/17/26",,,,,,,,,,,,,,,
"Thursday, 06/18/26",,,,,,,,,,,,,,,FSDI 120
"Friday, 06/19/26",,,,,,,,,,,,,,,
"Saturday (9 am - 12 pm), 06/20/26",,,,,,,,,,,,,,,FSDI 120
"Saturday (12 pm - 3 pm), 06/20/26",,,,,,,,,,,,,,,
"Sunday, 06/21/26",,,,,,,,,,,,,,,
"Monday, 06/22/26",,,,,,,,,,,,,,,
"Tuesday, 06/23/26",,,,,,,,,,,,,,,FSDI 120
"Wednesday, 06/24/26",,,,,,,,,,,,,,,
"Thursday, 06/25/26",,,,,,,,,,,,,,,FSDI 120
"Friday, 06/26/26",,,,,,,,,,,,,,,
"Saturday (9 am - 12 pm), 06/27/26",,,,,,,,,,,,,,,FSDI 120
"Saturday (12 pm - 3 pm), 06/27/26",,,,,,,,,,,,,,,
"Sunday, 06/28/26",,,,,,,,,,,,,,,
"Monday, 06/29/26",,,,,,,,,,,,,,,
"Tuesday, 06/30/26",,,,,,,,,,,,,,,FSDI 120
"Wednesday, 07/01/26",,,,,,,,,,,,,,,
"Thursday, 07/02/26",,,,,,,,,,,,,,,FSDI 120
"Friday, 07/03/26",,,,,,,,,,,,,,,
"Saturday (9 am - 12 pm), 07/04/26",,,,,,,,,,,,,,,FSDI 120
"Saturday (12 pm - 3 pm), 07/04/26",,,,,,,,,,,,,,,
"Sunday, 07/05/26",,,,,,,,,,,,,,,FSDI 120