OriginalDateString,CohortName,UnitActivity
11/19/2024,FSDI Ch 54 (9-12pm),FSDI 101
11/21/2024,FSDI Ch 54 (9-12pm),FSDI 101
11/23/2024,FSDI Ch 54 (9-12pm),FSDI 101
11/26/2024,FSDI Ch 54 (9-12pm),FSDI 101
11/30/2024,FSDI Ch 54 (9-12pm),FSDI 102
12/03/2024,FSDI Ch 54 (9-12pm),FSDI 102
12/05/2024,FSDI Ch 54 (9-12pm),FSDI 102
12/07/2024,FSDI Ch 54 (9-12pm),FSDI 102
12/10/2024,FSDI Ch 54 (9-12pm),FSDI 103
12/12/2024,FSDI Ch 54 (9-12pm),FSDI 103
12/14/2024,FSDI Ch 54 (9-12pm),FSDI 103
12/17/2024,FSDI Ch 54 (9-12pm),FSDI 103
12/19/2024,FSDI Ch 54 (9-12pm),FSDI 104
12/21/2024,FSDI Ch 54 (9-12pm),FSDI 104
12/31/2024,FSDI Ch 54 (9-12pm),FSDI 104
01/02/2025,FSDI Ch 54 (9-12pm),FSDI 104
01/04/2025,FSDI Ch 54 (9-12pm),FSDI 105
01/07/2025,FSDI Ch 54 (9-12pm),FSDI 105
01/09/2025,FSDI Ch 54 (9-12pm),FSDI 105
01/11/2025,FSDI Ch 54 (9-12pm),FSDI 105
01/14/2025,FSDI Ch 54 (9-12pm),FSDI 106
01/16/2025,FSDI Ch 54 (9-12pm),FSDI 106
01/18/2025,FSDI Ch 54 (9-12pm),FSDI 106
01/21/2025,FSDI Ch 54 (9-12pm),FSDI 106
01/23/2025,FSDI Ch 54 (9-12pm),FSDI 107
01/25/2025,FSDI Ch 54 (9-12pm),FSDI 107
01/28/2025,FSDI Ch 54 (9-12pm),FSDI 107
01/30/2025,FSDI Ch 54 (9-12pm),FSDI 107
02/01/2025,FSDI Ch 54 (9-12pm),FSDI 108
02/04/2025,FSDI Ch 54 (9-12pm),FSDI 108
02/06/2025,FSDI Ch 54 (9-12pm),FSDI 108
02/08/2025,FSDI Ch 54 (9-12pm),FSDI 108
02/11/2025,FSDI Ch 54 (9-12pm),FSDI 109
02/13/2025,FSDI Ch 54 (9-12pm),FSDI 109
02/15/2025,FSDI Ch 54 (9-12pm),FSDI 109
02/18/2025,FSDI Ch 54 (9-12pm),FSDI 109
02/20/2025,FSDI Ch 54 (9-12pm),FSDI 110
02/22/2025,FSDI Ch 54 (9-12pm),FSDI 110
02/25/2025,FSDI Ch 54 (9-12pm),FSDI 110
02/27/2025,FSDI Ch 54 (9-12pm),FSDI 110
03/01/2025,FSDI Ch 54 (9-12pm),FSDI 111
03/04/2025,FSDI Ch 54 (9-12pm),FSDI 111
03/06/2025,FSDI Ch 54 (9-12pm),FSDI 111
03/08/2025,FSDI Ch 54 (9-12pm),FSDI 111
03/11/2025,FSDI Ch 54 (9-12pm),FSDI 112
03/13/2025,FSDI Ch 54 (9-12pm),FSDI 112
03/15/2025,FSDI Ch 54 (9-12pm),FSDI 112
03/18/2025,FSDI Ch 54 (9-12pm),FSDI 112
03/20/2025,FSDI Ch 54 (9-12pm),FSDI 113
03/22/2025,FSDI Ch 54 (9-12pm),FSDI 113
03/25/2025,FSDI Ch 54 (9-12pm),FSDI 113
03/27/2025,FSDI Ch 54 (9-12pm),FSDI 113
03/29/2025,FSDI Ch 54 (9-12pm),FSDI 114
04/01/2025,FSDI Ch 54 (9-12pm),FSDI 114
04/03/2025,FSDI Ch 54 (9-12pm),FSDI 114
04/05/2025,FSDI Ch 54 (9-12pm),FSDI 114
04/08/2025,FSDI Ch 54 (9-12pm),FSDI 115
04/10/2025,FSDI Ch 54 (9-12pm),FSDI 115
04/12/2025,FSDI Ch 54 (9-12pm),FSDI 115
04/19/2025,FSDI Ch 54 (9-12pm),FSDI 115
04/22/2025,FSDI Ch 54 (9-12pm),FSDI 116
04/24/2025,FSDI Ch 54 (9-12pm),FSDI 116
04/26/2025,FSDI Ch 54 (9-12pm),FSDI 116
04/29/2025,FSDI Ch 54 (9-12pm),FSDI 116
05/01/2025,FSDI Ch 54 (9-12pm),FSDI 117
05/03/2025,FSDI Ch 54 (9-12pm),FSDI 117
05/06/2025,FSDI Ch 54 (9-12pm),FSDI 117
05/08/2025,FSDI Ch 54 (9-12pm),FSDI 117
05/10/2025,FSDI Ch 54 (9-12pm),FSDI 117
05/13/2025,FSDI Ch 54 (9-12pm),FSDI 117
05/15/2025,FSDI Ch 54 (9-12pm),FSDI 118
05/17/2025,FSDI Ch 54 (9-12pm),FSDI 118
05/20/2025,FSDI Ch 54 (9-12pm),FSDI 118
05/22/2025,FSDI Ch 54 (9-12pm),FSDI 118
05/24/2025,FSDI Ch 54 (9-12pm),FSDI 118
05/27/2025,FSDI Ch 54 (9-12pm),FSDI 118
05/29/2025,FSDI Ch 54 (9-12pm),FSDI 119
05/31/2025,FSDI Ch 54 (9-12pm),FSDI 119
06/03/2025,FSDI Ch 54 (9-12pm),FSDI 119
06/05/2025,FSDI Ch 54 (9-12pm),FSDI 119
06/07/2025,FSDI Ch 54 (9-12pm),FSDI 119
06/10/2025,FSDI Ch 54 (9-12pm),FSDI 119
06/12/2025,FSDI Ch 54 (9-12pm),FSDI 120
06/14/2025,FSDI Ch 54 (9-12pm),FSDI 120
06/17/2025,FSDI Ch 54 (9-12pm),FSDI 120
06/21/2025,FSDI Ch 54 (9-12pm),FSDI 120
06/24/2025,FSDI Ch 54 (9-12pm),FSDI 120
06/26/2025,FSDI Ch 54 (9-12pm),FSDI 120
06/28/2025,FSDI Ch 54 (9-12pm),FSDI 120
12/30/2024,FSDI Ch 55 (12-3pm),FSDI 101
01/04/2025,FSDI Ch 55 (12-3pm),FSDI 101
01/06/2025,FSDI Ch 55 (12-3pm),FSDI 101
01/08/2025,FSDI Ch 55 (12-3pm),FSDI 101
01/11/2025,FSDI Ch 55 (12-3pm),FSDI 102
01/13/2025,FSDI Ch 55 (12-3pm),FSDI 102
01/15/2025,FSDI Ch 55 (12-3pm),FSDI 102
01/18/2025,FSDI Ch 55 (12-3pm),FSDI 102
01/22/2025,FSDI Ch 55 (12-3pm),FSDI 103
01/25/2025,FSDI Ch 55 (12-3pm),FSDI 103
01/27/2025,FSDI Ch 55 (12-3pm),FSDI 103
01/29/2025,FSDI Ch 55 (12-3pm),FSDI 103
02/01/2025,FSDI Ch 55 (12-3pm),FSDI 104
02/03/2025,FSDI Ch 55 (12-3pm),FSDI 104
02/05/2025,FSDI Ch 55 (12-3pm),FSDI 104
02/08/2025,FSDI Ch 55 (12-3pm),FSDI 104
02/10/2025,FSDI Ch 55 (12-3pm),FSDI 105
02/12/2025,FSDI Ch 55 (12-3pm),FSDI 105
02/15/2025,FSDI Ch 55 (12-3pm),FSDI 105
02/19/2025,FSDI Ch 55 (12-3pm),FSDI 105
02/22/2025,FSDI Ch 55 (12-3pm),FSDI 106
02/24/2025,FSDI Ch 55 (12-3pm),FSDI 106
02/26/2025,FSDI Ch 55 (12-3pm),FSDI 106
03/01/2025,FSDI Ch 55 (12-3pm),FSDI 106
03/03/2025,FSDI Ch 55 (12-3pm),FSDI 107
03/05/2025,FSDI Ch 55 (12-3pm),FSDI 107
03/08/2025,FSDI Ch 55 (12-3pm),FSDI 107
03/10/2025,FSDI Ch 55 (12-3pm),FSDI 107
03/12/2025,FSDI Ch 55 (12-3pm),FSDI 108
03/15/2025,FSDI Ch 55 (12-3pm),FSDI 108
03/17/2025,FSDI Ch 55 (12-3pm),FSDI 108
03/19/2025,FSDI Ch 55 (12-3pm),FSDI 108
03/22/2025,FSDI Ch 55 (12-3pm),FSDI 109
03/24/2025,FSDI Ch 55 (12-3pm),FSDI 109
03/26/2025,FSDI Ch 55 (12-3pm),FSDI 109
03/29/2025,FSDI Ch 55 (12-3pm),FSDI 109
03/31/2025,FSDI Ch 55 (12-3pm),FSDI 110
04/02/2025,FSDI Ch 55 (12-3pm),FSDI 110
04/05/2025,FSDI Ch 55 (12-3pm),FSDI 110
04/07/2025,FSDI Ch 55 (12-3pm),FSDI 110
04/09/2025,FSDI Ch 55 (12-3pm),FSDI 111
04/12/2025,FSDI Ch 55 (12-3pm),FSDI 111
04/19/2025,FSDI Ch 55 (12-3pm),FSDI 111
04/21/2025,FSDI Ch 55 (12-3pm),FSDI 111
04/23/2025,FSDI Ch 55 (12-3pm),FSDI 112
04/26/2025,FSDI Ch 55 (12-3pm),FSDI 112
04/28/2025,FSDI Ch 55 (12-3pm),FSDI 112
04/30/2025,FSDI Ch 55 (12-3pm),FSDI 112
05/03/2025,FSDI Ch 55 (12-3pm),FSDI 113
05/05/2025,FSDI Ch 55 (12-3pm),FSDI 113
05/07/2025,FSDI Ch 55 (12-3pm),FSDI 113
05/10/2025,FSDI Ch 55 (12-3pm),FSDI 113
05/12/2025,FSDI Ch 55 (12-3pm),FSDI 114
05/14/2025,FSDI Ch 55 (12-3pm),FSDI 114
05/17/2025,FSDI Ch 55 (12-3pm),FSDI 114
05/19/2025,FSDI Ch 55 (12-3pm),FSDI 114
05/21/2025,FSDI Ch 55 (12-3pm),FSDI 115
05/24/2024,FSDI Ch 55 (12-3pm),FSDI 115
05/28/2025,FSDI Ch 55 (12-3pm),FSDI 115
05/31/2025,FSDI Ch 55 (12-3pm),FSDI 115
06/02/2025,FSDI Ch 55 (12-3pm),FSDI 116
06/04/2025,FSDI Ch 55 (12-3pm),FSDI 116
06/07/2025,FSDI Ch 55 (12-3pm),FSDI 116
06/09/2025,FSDI Ch 55 (12-3pm),FSDI 116
06/11/2025,FSDI Ch 55 (12-3pm),FSDI 117
06/14/2025,FSDI Ch 55 (12-3pm),FSDI 117
06/16/2025,FSDI Ch 55 (12-3pm),FSDI 117
06/18/2025,FSDI Ch 55 (12-3pm),FSDI 117
06/21/2025,FSDI Ch 55 (12-3pm),FSDI 117
06/23/2025,FSDI Ch 55 (12-3pm),FSDI 117
06/25/2025,FSDI Ch 55 (12-3pm),FSDI 118
06/28/2025,FSDI Ch 55 (12-3pm),FSDI 118
06/30/2025,FSDI Ch 55 (12-3pm),FSDI 118
07/02/2025,FSDI Ch 55 (12-3pm),FSDI 118
07/05/2025,FSDI Ch 55 (12-3pm),FSDI 118
07/07/2025,FSDI Ch 55 (12-3pm),FSDI 118
07/09/2025,FSDI Ch 55 (12-3pm),FSDI 119
07/12/2025,FSDI Ch 55 (12-3pm),FSDI 119
07/14/2025,FSDI Ch 55 (12-3pm),FSDI 119
07/16/2025,FSDI Ch 55 (12-3pm),FSDI 119
07/19/2025,FSDI Ch 55 (12-3pm),FSDI 119
07/21/2025,FSDI Ch 55 (12-3pm),FSDI 119
07/23/2025,FSDI Ch 55 (12-3pm),FSDI 120
07/26/2025,FSDI Ch 55 (12-3pm),FSDI 120
07/28/2025,FSDI Ch 55 (12-3pm),FSDI 120
07/30/2025,FSDI Ch 55 (12-3pm),FSDI 120
08/02/2025,FSDI Ch 55 (12-3pm),FSDI 120
08/03/2025,FSDI Ch 55 (12-3pm),FSDI 120
02/04/2025,FSDI Ch 56 (9-12pm),FSDI 101
02/06/2025,FSDI Ch 56 (9-12pm),FSDI 101
02/08/2025,FSDI Ch 56 (9-12pm),FSDI 101
02/11/2025,FSDI Ch 56 (9-12pm),FSDI 101
02/13/2025,FSDI Ch 56 (9-12pm),FSDI 102
02/15/2025,FSDI Ch 56 (9-12pm),FSDI 102
02/18/2025,FSDI Ch 56 (9-12pm),FSDI 102
02/20/2025,FSDI Ch 56 (9-12pm),FSDI 102
02/22/2025,FSDI Ch 56 (9-12pm),FSDI 103
02/25/2025,FSDI Ch 56 (9-12pm),FSDI 103
02/27/2025,FSDI Ch 56 (9-12pm),FSDI 103
03/01/2025,FSDI Ch 56 (9-12pm),FSDI 103
03/04/2025,FSDI Ch 56 (9-12pm),FSDI 104
03/06/2025,FSDI Ch 56 (9-12pm),FSDI 104
03/08/2025,FSDI Ch 56 (9-12pm),FSDI 104
03/11/2025,FSDI Ch 56 (9-12pm),FSDI 104
03/13/2025,FSDI Ch 56 (9-12pm),FSDI 105
03/15/2025,FSDI Ch 56 (9-12pm),FSDI 105
03/18/2025,FSDI Ch 56 (9-12pm),FSDI 105
03/20/2025,FSDI Ch 56 (9-12pm),FSDI 105
03/22/2025,FSDI Ch 56 (9-12pm),FSDI 106
03/25/2025,FSDI Ch 56 (9-12pm),FSDI 106
03/27/2025,FSDI Ch 56 (9-12pm),FSDI 106
03/29/2025,FSDI Ch 56 (9-12pm),FSDI 106
04/01/2025,FSDI Ch 56 (9-12pm),FSDI 107
04/03/2025,FSDI Ch 56 (9-12pm),FSDI 107
04/05/2025,FSDI Ch 56 (9-12pm),FSDI 107
04/08/2025,FSDI Ch 56 (9-12pm),FSDI 107
04/10/2025,FSDI Ch 56 (9-12pm),FSDI 108
04/12/2025,FSDI Ch 56 (9-12pm),FSDI 108
04/19/2025,FSDI Ch 56 (9-12pm),FSDI 108
04/22/2025,FSDI Ch 56 (9-12pm),FSDI 108
04/24/2025,FSDI Ch 56 (9-12pm),FSDI 109
04/26/2025,FSDI Ch 56 (9-12pm),FSDI 109
04/29/2025,FSDI Ch 56 (9-12pm),FSDI 109
05/01/2025,FSDI Ch 56 (9-12pm),FSDI 109
05/03/2025,FSDI Ch 56 (9-12pm),FSDI 110
05/06/2025,FSDI Ch 56 (9-12pm),FSDI 110
05/08/2025,FSDI Ch 56 (9-12pm),FSDI 110
05/10/2025,FSDI Ch 56 (9-12pm),FSDI 110
05/13/2025,FSDI Ch 56 (9-12pm),FSDI 111
05/15/2025,FSDI Ch 56 (9-12pm),FSDI 111
05/17/2025,FSDI Ch 56 (9-12pm),FSDI 111
05/20/2025,FSDI Ch 56 (9-12pm),FSDI 111
05/22/2025,FSDI Ch 56 (9-12pm),FSDI 112
05/24/2025,FSDI Ch 56 (9-12pm),FSDI 112
05/27/2025,FSDI Ch 56 (9-12pm),FSDI 112
05/29/2025,FSDI Ch 56 (9-12pm),FSDI 112
05/31/2025,FSDI Ch 56 (9-12pm),FSDI 113
06/03/2025,FSDI Ch 56 (9-12pm),FSDI 113
06/05/2025,FSDI Ch 56 (9-12pm),FSDI 113
06/07/2025,FSDI Ch 56 (9-12pm),FSDI 113
06/10/2025,FSDI Ch 56 (9-12pm),FSDI 114
06/12/2025,FSDI Ch 56 (9-12pm),FSDI 114
06/14/2025,FSDI Ch 56 (9-12pm),FSDI 114
06/17/2025,FSDI Ch 56 (9-12pm),FSDI 114
06/21/2025,FSDI Ch 56 (9-12pm),FSDI 115
06/24/2025,FSDI Ch 56 (9-12pm),FSDI 115
06/26/2025,FSDI Ch 56 (9-12pm),FSDI 115
06/28/2025,FSDI Ch 56 (9-12pm),FSDI 115
07/01/2025,FSDI Ch 56 (9-12pm),FSDI 116
07/03/2025,FSDI Ch 56 (9-12pm),FSDI 116
07/05/2025,FSDI Ch 56 (9-12pm),FSDI 116
07/08/2025,FSDI Ch 56 (9-12pm),FSDI 116
07/10/2025,FSDI Ch 56 (9-12pm),FSDI 117
07/12/2025,FSDI Ch 56 (9-12pm),FSDI 117
07/15/2025,FSDI Ch 56 (9-12pm),FSDI 117
07/17/2025,FSDI Ch 56 (9-12pm),FSDI 117
07/19/2025,FSDI Ch 56 (9-12pm),FSDI 117
07/22/2025,FSDI Ch 56 (9-12pm),FSDI 117
07/24/2025,FSDI Ch 56 (9-12pm),FSDI 118
07/26/2025,FSDI Ch 56 (9-12pm),FSDI 118
07/29/2025,FSDI Ch 56 (9-12pm),FSDI 118
07/31/2025,FSDI Ch 56 (9-12pm),FSDI 118
08/02/2025,FSDI Ch 56 (9-12pm),FSDI 118
08/05/2025,FSDI Ch 56 (9-12pm),FSDI 118
08/07/2025,FSDI Ch 56 (9-12pm),FSDI 119
08/09/2025,FSDI Ch 56 (9-12pm),FSDI 119
08/12/2025,FSDI Ch 56 (9-12pm),FSDI 119
08/14/2025,FSDI Ch 56 (9-12pm),FSDI 119
08/16/2025,FSDI Ch 56 (9-12pm),FSDI 119
08/19/2025,FSDI Ch 56 (9-12pm),FSDI 119
08/21/2025,FSDI Ch 56 (9-12pm),FSDI 120
08/23/2025,FSDI Ch 56 (9-12pm),FSDI 120
08/26/2025,FSDI Ch 56 (9-12pm),FSDI 120
08/28/2025,FSDI Ch 56 (9-12pm),FSDI 120
08/30/3035,FSDI Ch 56 (9-12pm),FSDI 120
09/02/2025,FSDI Ch 56 (9-12pm),FSDI 120
09/04/2025,FSDI Ch 56 (9-12pm),FSDI 120
09/06/2025,FSDI Ch 56 (9-12pm),FSDI 120
09/07/2025,FSDI Ch 56 (9-12pm),FSDI 120
03/10/2025,FSDI Ch 57 (12-3pm),FSDI 101
03/12/2025,FSDI Ch 57 (12-3pm),FSDI 101
03/15/2025,FSDI Ch 57 (12-3pm),FSDI 101
03/17/2025,FSDI Ch 57 (12-3pm),FSDI 101
03/19/2025,FSDI Ch 57 (12-3pm),FSDI 102
03/22/2025,FSDI Ch 57 (12-3pm),FSDI 102
03/24/2025,FSDI Ch 57 (12-3pm),FSDI 102
03/26/2025,FSDI Ch 57 (12-3pm),FSDI 102
03/29/2025,FSDI Ch 57 (12-3pm),FSDI 103
03/31/2025,FSDI Ch 57 (12-3pm),FSDI 103
04/02/2025,FSDI Ch 57 (12-3pm),FSDI 103
04/05/2025,FSDI Ch 57 (12-3pm),FSDI 103
04/07/2025,FSDI Ch 57 (12-3pm),FSDI 104
04/09/2025,FSDI Ch 57 (12-3pm),FSDI 104
04/12/2025,FSDI Ch 57 (12-3pm),FSDI 104
04/19/2025,FSDI Ch 57 (12-3pm),FSDI 104
04/21/2025,FSDI Ch 57 (12-3pm),FSDI 105
04/23/2024,FSDI Ch 57 (12-3pm),FSDI 105
04/26/2025,FSDI Ch 57 (12-3pm),FSDI 105
04/28/2025,FSDI Ch 57 (12-3pm),FSDI 105
04/30/2025,FSDI Ch 57 (12-3pm),FSDI 106
05/03/2025,FSDI Ch 57 (12-3pm),FSDI 106
05/05/2025,FSDI Ch 57 (12-3pm),FSDI 106
05/07/2025,FSDI Ch 57 (12-3pm),FSDI 106
05/10/2025,FSDI Ch 57 (12-3pm),FSDI 107
05/12/2025,FSDI Ch 57 (12-3pm),FSDI 107
05/14/2025,FSDI Ch 57 (12-3pm),FSDI 107
05/17/2025,FSDI Ch 57 (12-3pm),FSDI 107
05/19/2025,FSDI Ch 57 (12-3pm),FSDI 108
05/21/2025,FSDI Ch 57 (12-3pm),FSDI 108
05/24/2025,FSDI Ch 57 (12-3pm),FSDI 108
05/28/2028,FSDI Ch 57 (12-3pm),FSDI 108
05/31/2025,FSDI Ch 57 (12-3pm),FSDI 109
06/02/2025,FSDI Ch 57 (12-3pm),FSDI 109
06/04/2025,FSDI Ch 57 (12-3pm),FSDI 109
06/07/2025,FSDI Ch 57 (12-3pm),FSDI 109
06/09/2025,FSDI Ch 57 (12-3pm),FSDI 110
06/11/2025,FSDI Ch 57 (12-3pm),FSDI 110
06/14/2025,FSDI Ch 57 (12-3pm),FSDI 110
06/16/2025,FSDI Ch 57 (12-3pm),FSDI 110
06/18/2025,FSDI Ch 57 (12-3pm),FSDI 111
06/21/2025,FSDI Ch 57 (12-3pm),FSDI 111
06/23/2025,FSDI Ch 57 (12-3pm),FSDI 111
06/25/2025,FSDI Ch 57 (12-3pm),FSDI 111
06/28/2025,FSDI Ch 57 (12-3pm),FSDI 112
06/30/2025,FSDI Ch 57 (12-3pm),FSDI 112
07/02/2025,FSDI Ch 57 (12-3pm),FSDI 112
07/05/2025,FSDI Ch 57 (12-3pm),FSDI 112
07/07/2025,FSDI Ch 57 (12-3pm),FSDI 113
07/09/2025,FSDI Ch 57 (12-3pm),FSDI 113
07/12/2025,FSDI Ch 57 (12-3pm),FSDI 113
07/14/2025,FSDI Ch 57 (12-3pm),FSDI 113
07/16/2025,FSDI Ch 57 (12-3pm),FSDI 114
07/19/2025,FSDI Ch 57 (12-3pm),FSDI 114
07/21/2025,FSDI Ch 57 (12-3pm),FSDI 114
07/23/2025,FSDI Ch 57 (12-3pm),FSDI 114
07/26/2025,FSDI Ch 57 (12-3pm),FSDI 115
07/28/2025,FSDI Ch 57 (12-3pm),FSDI 115
07/30/2025,FSDI Ch 57 (12-3pm),FSDI 115
08/02/2025,FSDI Ch 57 (12-3pm),FSDI 115
08/04/2025,FSDI Ch 57 (12-3pm),FSDI 116
08/06/2025,FSDI Ch 57 (12-3pm),FSDI 116
08/09/2025,FSDI Ch 57 (12-3pm),FSDI 116
08/11/2025,FSDI Ch 57 (12-3pm),FSDI 116
08/13/2025,FSDI Ch 57 (12-3pm),FSDI 117
08/16/2025,FSDI Ch 57 (12-3pm),FSDI 117
08/18/2025,FSDI Ch 57 (12-3pm),FSDI 117
08/20/2025,FSDI Ch 57 (12-3pm),FSDI 117
08/23/2025,FSDI Ch 57 (12-3pm),FSDI 117
08/25/2025,FSDI Ch 57 (12-3pm),FSDI 117
08/27/2025,FSDI Ch 57 (12-3pm),FSDI 118
08/30/2025,FSDI Ch 57 (12-3pm),FSDI 118
09/03/2025,FSDI Ch 57 (12-3pm),FSDI 118
09/06/2025,FSDI Ch 57 (12-3pm),FSDI 118
09/08/2025,FSDI Ch 57 (12-3pm),FSDI 118
09/10/2025,FSDI Ch 57 (12-3pm),FSDI 118
09/13/2025,FSDI Ch 57 (12-3pm),FSDI 119
09/15/2025,FSDI Ch 57 (12-3pm),FSDI 119
09/17/2025,FSDI Ch 57 (12-3pm),FSDI 119
09/20/2025,FSDI Ch 57 (12-3pm),FSDI 119
09/22/2025,FSDI Ch 57 (12-3pm),FSDI 119
09/24/2025,FSDI Ch 57 (12-3pm),FSDI 119
09/27/2025,FSDI Ch 57 (12-3pm),FSDI 120
09/29/2025,FSDI Ch 57 (12-3pm),FSDI 120
10/01/2025,FSDI Ch 57 (12-3pm),FSDI 120
10/04/2025,FSDI Ch 57 (12-3pm),FSDI 120
10/06/2025,FSDI Ch 57 (12-3pm),FSDI 120
10/08/2025,FSDI Ch 57 (12-3pm),FSDI 120
10/11/2025,FSDI Ch 57 (12-3pm),FSDI 120
10/12/2025,FSDI Ch 57 (12-3pm),FSDI 120
04/19/2025,FSDI Ch 58 (9-12pm),FSDI 101
04/22/2025,FSDI Ch 58 (9-12pm),FSDI 101
04/24/2025,FSDI Ch 58 (9-12pm),FSDI 101
04/26/2025,FSDI Ch 58 (9-12pm),FSDI 101
04/29/2025,FSDI Ch 58 (9-12pm),FSDI 102
05/01/2025,FSDI Ch 58 (9-12pm),FSDI 102
05/03/2025,FSDI Ch 58 (9-12pm),FSDI 102
05/06/2025,FSDI Ch 58 (9-12pm),FSDI 102
05/08/2025,FSDI Ch 58 (9-12pm),FSDI 103
05/10/2025,FSDI Ch 58 (9-12pm),FSDI 103
05/13/2025,FSDI Ch 58 (9-12pm),FSDI 103
05/15/2025,FSDI Ch 58 (9-12pm),FSDI 103
05/17/2025,FSDI Ch 58 (9-12pm),FSDI 104
05/20/2025,FSDI Ch 58 (9-12pm),FSDI 104
05/22/2025,FSDI Ch 58 (9-12pm),FSDI 104
05/24/2025,FSDI Ch 58 (9-12pm),FSDI 104
05/27/2025,FSDI Ch 58 (9-12pm),FSDI 105
05/29/2025,FSDI Ch 58 (9-12pm),FSDI 105
05/31/2025,FSDI Ch 58 (9-12pm),FSDI 105
06/03/2025,FSDI Ch 58 (9-12pm),FSDI 105
06/05/2025,FSDI Ch 58 (9-12pm),FSDI 106
06/07/2025,FSDI Ch 58 (9-12pm),FSDI 106
06/10/2025,FSDI Ch 58 (9-12pm),FSDI 106
06/12/2025,FSDI Ch 58 (9-12pm),FSDI 106
06/14/2025,FSDI Ch 58 (9-12pm),FSDI 107
06/17/2025,FSDI Ch 58 (9-12pm),FSDI 107
06/21/2025,FSDI Ch 58 (9-12pm),FSDI 107
06/24/2025,FSDI Ch 58 (9-12pm),FSDI 107
06/26/2025,FSDI Ch 58 (9-12pm),FSDI 108
06/28/2025,FSDI Ch 58 (9-12pm),FSDI 108
07/01/2025,FSDI Ch 58 (9-12pm),FSDI 108
07/03/2025,FSDI Ch 58 (9-12pm),FSDI 108
07/05/2024,FSDI Ch 58 (9-12pm),FSDI 109
07/08/2025,FSDI Ch 58 (9-12pm),FSDI 109
07/10/2025,FSDI Ch 58 (9-12pm),FSDI 109
07/12/2025,FSDI Ch 58 (9-12pm),FSDI 109
07/15/2025,FSDI Ch 58 (9-12pm),FSDI 110
07/17/2025,FSDI Ch 58 (9-12pm),FSDI 110
07/19/2025,FSDI Ch 58 (9-12pm),FSDI 110
07/22/2025,FSDI Ch 58 (9-12pm),FSDI 110
07/24/2025,FSDI Ch 58 (9-12pm),FSDI 111
07/26/2025,FSDI Ch 58 (9-12pm),FSDI 111
07/29/2025,FSDI Ch 58 (9-12pm),FSDI 111
07/31/2025,FSDI Ch 58 (9-12pm),FSDI 111
08/02/2025,FSDI Ch 58 (9-12pm),FSDI 112
08/05/2025,FSDI Ch 58 (9-12pm),FSDI 112
08/07/2025,FSDI Ch 58 (9-12pm),FSDI 112
08/08/2025,FSDI Ch 58 (9-12pm),FSDI 112
08/12/2025,FSDI Ch 58 (9-12pm),FSDI 113
08/14/2025,FSDI Ch 58 (9-12pm),FSDI 113
08/16/2025,FSDI Ch 58 (9-12pm),FSDI 113
08/19/2025,FSDI Ch 58 (9-12pm),FSDI 113
08/21/2025,FSDI Ch 58 (9-12pm),FSDI 114
08/23/2025,FSDI Ch 58 (9-12pm),FSDI 114
08/26/2025,FSDI Ch 58 (9-12pm),FSDI 114
08/28/2025,FSDI Ch 58 (9-12pm),FSDI 114
08/30/2025,FSDI Ch 58 (9-12pm),FSDI 115
09/02/2025,FSDI Ch 58 (9-12pm),FSDI 115
09/04/2025,FSDI Ch 58 (9-12pm),FSDI 115
09/06/2025,FSDI Ch 58 (9-12pm),FSDI 115
09/09/2025,FSDI Ch 58 (9-12pm),FSDI 116
09/11/2025,FSDI Ch 58 (9-12pm),FSDI 116
09/13/2025,FSDI Ch 58 (9-12pm),FSDI 116
09/16/2025,FSDI Ch 58 (9-12pm),FSDI 116
09/18/2025,FSDI Ch 58 (9-12pm),FSDI 117
09/20/2025,FSDI Ch 58 (9-12pm),FSDI 117
09/23/2025,FSDI Ch 58 (9-12pm),FSDI 117
09/25/2025,FSDI Ch 58 (9-12pm),FSDI 117
09/27/2025,FSDI Ch 58 (9-12pm),FSDI 117
09/30/2025,FSDI Ch 58 (9-12pm),FSDI 117
10/02/2025,FSDI Ch 58 (9-12pm),FSDI 118
10/04/2025,FSDI Ch 58 (9-12pm),FSDI 118
10/07/2025,FSDI Ch 58 (9-12pm),FSDI 118
10/09/2025,FSDI Ch 58 (9-12pm),FSDI 118
10/11/2025,FSDI Ch 58 (9-12pm),FSDI 118
10/14/2025,FSDI Ch 58 (9-12pm),FSDI 118
10/16/2025,FSDI Ch 58 (9-12pm),FSDI 119
10/18/2025,FSDI Ch 58 (9-12pm),FSDI 119
10/21/2025,FSDI Ch 58 (9-12pm),FSDI 119
10/23/2025,FSDI Ch 58 (9-12pm),FSDI 119
10/25/2025,FSDI Ch 58 (9-12pm),FSDI 119
10/28/2025,FSDI Ch 58 (9-12pm),FSDI 119
10/30/2025,FSDI Ch 58 (9-12pm),FSDI 120
11/01/2024,FSDI Ch 58 (9-12pm),FSDI 120
11/04/2025,FSDI Ch 58 (9-12pm),FSDI 120
11/06/2025,FSDI Ch 58 (9-12pm),FSDI 120
11/08/2025,FSDI Ch 58 (9-12pm),FSDI 120
11/13/2025,FSDI Ch 58 (9-12pm),FSDI 120
11/15/2025,FSDI Ch 58 (9-12pm),FSDI 120
11/16/2025,FSDI Ch 58 (9-12pm),FSDI 120
05/28/2025,FSDI Ch 59 (12-3pm),FSDI 101
05/31/2025,FSDI Ch 59 (12-3pm),FSDI 101
06/02/2025,FSDI Ch 59 (12-3pm),FSDI 101
06/04/2025,FSDI Ch 59 (12-3pm),FSDI 101
06/07/2025,FSDI Ch 59 (12-3pm),FSDI 102
06/09/2025,FSDI Ch 59 (12-3pm),FSDI 102
06/11/2025,FSDI Ch 59 (12-3pm),FSDI 102
06/14/2025,FSDI Ch 59 (12-3pm),FSDI 102
06/16/2025,FSDI Ch 59 (12-3pm),FSDI 103
06/18/2025,FSDI Ch 59 (12-3pm),FSDI 103
06/21/2025,FSDI Ch 59 (12-3pm),FSDI 103
06/23/2025,FSDI Ch 59 (12-3pm),FSDI 103
06/25/2025,FSDI Ch 59 (12-3pm),FSDI 104
06/28/2025,FSDI Ch 59 (12-3pm),FSDI 104
06/30/2025,FSDI Ch 59 (12-3pm),FSDI 104
07/02/2025,FSDI Ch 59 (12-3pm),FSDI 104
07/05/2025,FSDI Ch 59 (12-3pm),FSDI 105
07/07/2025,FSDI Ch 59 (12-3pm),FSDI 105
07/09/2025,FSDI Ch 59 (12-3pm),FSDI 105
07/12/2025,FSDI Ch 59 (12-3pm),FSDI 105
07/14/2025,FSDI Ch 59 (12-3pm),FSDI 106
07/16/2025,FSDI Ch 59 (12-3pm),FSDI 106
07/19/2025,FSDI Ch 59 (12-3pm),FSDI 106
07/21/2025,FSDI Ch 59 (12-3pm),FSDI 106
07/23/2025,FSDI Ch 59 (12-3pm),FSDI 107
07/26/2025,FSDI Ch 59 (12-3pm),FSDI 107
07/28/2025,FSDI Ch 59 (12-3pm),FSDI 107
07/30/2025,FSDI Ch 59 (12-3pm),FSDI 107
08/02/2025,FSDI Ch 59 (12-3pm),FSDI 108
08/04/2025,FSDI Ch 59 (12-3pm),FSDI 108
08/06/2025,FSDI Ch 59 (12-3pm),FSDI 108
08/09/2024,FSDI Ch 59 (12-3pm),FSDI 108
08/11/2025,FSDI Ch 59 (12-3pm),FSDI 109
08/13/2025,FSDI Ch 59 (12-3pm),FSDI 109
08/16/2025,FSDI Ch 59 (12-3pm),FSDI 109
08/18/2025,FSDI Ch 59 (12-3pm),FSDI 109
08/20/2025,FSDI Ch 59 (12-3pm),FSDI 110
08/23/2025,FSDI Ch 59 (12-3pm),FSDI 110
08/25/2025,FSDI Ch 59 (12-3pm),FSDI 110
08/27/2025,FSDI Ch 59 (12-3pm),FSDI 110
08/30/2025,FSDI Ch 59 (12-3pm),FSDI 111
09/03/2025,FSDI Ch 59 (12-3pm),FSDI 111
09/06/2025,FSDI Ch 59 (12-3pm),FSDI 111
09/08/2025,FSDI Ch 59 (12-3pm),FSDI 111
09/10/2025,FSDI Ch 59 (12-3pm),FSDI 112
09/13/2025,FSDI Ch 59 (12-3pm),FSDI 112
09/15/2025,FSDI Ch 59 (12-3pm),FSDI 112
09/17/2025,FSDI Ch 59 (12-3pm),FSDI 112
09/20/2025,FSDI Ch 59 (12-3pm),FSDI 113
09/22/2025,FSDI Ch 59 (12-3pm),FSDI 113
09/24/2025,FSDI Ch 59 (12-3pm),FSDI 113
09/27/2025,FSDI Ch 59 (12-3pm),FSDI 113
09/29/2025,FSDI Ch 59 (12-3pm),FSDI 114
10/01/2025,FSDI Ch 59 (12-3pm),FSDI 114
10/04/2025,FSDI Ch 59 (12-3pm),FSDI 114
10/06/2025,FSDI Ch 59 (12-3pm),FSDI 114
10/08/2025,FSDI Ch 59 (12-3pm),FSDI 115
10/11/2025,FSDI Ch 59 (12-3pm),FSDI 115
10/13/2025,FSDI Ch 59 (12-3pm),FSDI 115
10/15/2025,FSDI Ch 59 (12-3pm),FSDI 115
10/18/2025,FSDI Ch 59 (12-3pm),FSDI 116
10/20/2025,FSDI Ch 59 (12-3pm),FSDI 116
10/22/2025,FSDI Ch 59 (12-3pm),FSDI 116
10/25/2025,FSDI Ch 59 (12-3pm),FSDI 116
10/27/2025,FSDI Ch 59 (12-3pm),FSDI 117
10/29/2025,FSDI Ch 59 (12-3pm),FSDI 117
11/01/2025,FSDI Ch 59 (12-3pm),FSDI 117
11/03/2025,FSDI Ch 59 (12-3pm),FSDI 117
11/05/2025,FSDI Ch 59 (12-3pm),FSDI 117
11/08/2025,FSDI Ch 59 (12-3pm),FSDI 117
11/10/2025,FSDI Ch 59 (12-3pm),FSDI 118
11/12/2025,FSDI Ch 59 (12-3pm),FSDI 118
11/15/2025,FSDI Ch 59 (12-3pm),FSDI 118
11/17/2025,FSDI Ch 59 (12-3pm),FSDI 118
11/19/2025,FSDI Ch 59 (12-3pm),FSDI 118
11/22/2025,FSDI Ch 59 (12-3pm),FSDI 118
11/24/2025,FSDI Ch 59 (12-3pm),FSDI 119
11/26/2025,FSDI Ch 59 (12-3pm),FSDI 119
11/29/2025,FSDI Ch 59 (12-3pm),FSDI 119
12/01/2025,FSDI Ch 59 (12-3pm),FSDI 119
12/03/2025,FSDI Ch 59 (12-3pm),FSDI 119
12/06/2025,FSDI Ch 59 (12-3pm),FSDI 119
12/08/2025,FSDI Ch 59 (12-3pm),FSDI 120
12/10/2025,FSDI Ch 59 (12-3pm),FSDI 120
12/13/2025,FSDI Ch 59 (12-3pm),FSDI 120
12/15/2025,FSDI Ch 59 (12-3pm),FSDI 120
12/17/2025,FSDI Ch 59 (12-3pm),FSDI 120
12/20/2025,FSDI Ch 59 (12-3pm),FSDI 120
12/21/2025,FSDI Ch 59 (12-3pm),FSDI 120
07/03/2025,FSDI Ch 60 (9-12pm),FSDI 101
07/05/2025,FSDI Ch 60 (9-12pm),FSDI 101
07/08/2025,FSDI Ch 60 (9-12pm),FSDI 101
07/10/2025,FSDI Ch 60 (9-12pm),FSDI 102
07/12/2025,FSDI Ch 60 (9-12pm),FSDI 102
07/15/2025,FSDI Ch 60 (9-12pm),FSDI 102
07/17/2025,FSDI Ch 60 (9-12pm),FSDI 102
07/19/2025,FSDI Ch 60 (9-12pm),FSDI 103
07/22/2025,FSDI Ch 60 (9-12pm),FSDI 103
07/24/2025,FSDI Ch 60 (9-12pm),FSDI 103
07/26/2025,FSDI Ch 60 (9-12pm),FSDI 103
07/29/2025,FSDI Ch 60 (9-12pm),FSDI 104
07/31/2025,FSDI Ch 60 (9-12pm),FSDI 104
08/02/2025,FSDI Ch 60 (9-12pm),FSDI 104
08/05/2025,FSDI Ch 60 (9-12pm),FSDI 104
08/07/2025,FSDI Ch 60 (9-12pm),FSDI 105
08/09/2025,FSDI Ch 60 (9-12pm),FSDI 105
08/12/2025,FSDI Ch 60 (9-12pm),FSDI 105
08/14/2025,FSDI Ch 60 (9-12pm),FSDI 105
08/16/2025,FSDI Ch 60 (9-12pm),FSDI 106
08/19/2025,FSDI Ch 60 (9-12pm),FSDI 106
08/21/2025,FSDI Ch 60 (9-12pm),FSDI 106
08/23/2025,FSDI Ch 60 (9-12pm),FSDI 106
08/26/2025,FSDI Ch 60 (9-12pm),FSDI 107
08/28/2025,FSDI Ch 60 (9-12pm),FSDI 107
08/30/2025,FSDI Ch 60 (9-12pm),FSDI 107
09/02/2025,FSDI Ch 60 (9-12pm),FSDI 107
09/04/2025,FSDI Ch 60 (9-12pm),FSDI 108
09/06/2025,FSDI Ch 60 (9-12pm),FSDI 108
09/09/2025,FSDI Ch 60 (9-12pm),FSDI 108
09/11/2025,FSDI Ch 60 (9-12pm),FSDI 108
09/13/2025,FSDI Ch 60 (9-12pm),FSDI 109
09/16/2025,FSDI Ch 60 (9-12pm),FSDI 109
09/18/2025,FSDI Ch 60 (9-12pm),FSDI 109
09/20/2025,FSDI Ch 60 (9-12pm),FSDI 109
09/23/2025,FSDI Ch 60 (9-12pm),FSDI 110
09/25/2025,FSDI Ch 60 (9-12pm),FSDI 110
09/27/2025,FSDI Ch 60 (9-12pm),FSDI 110
09/30/2025,FSDI Ch 60 (9-12pm),FSDI 110
10/02/2025,FSDI Ch 60 (9-12pm),FSDI 111
10/04/2025,FSDI Ch 60 (9-12pm),FSDI 111
10/07/2025,FSDI Ch 60 (9-12pm),FSDI 111
10/09/2025,FSDI Ch 60 (9-12pm),FSDI 111
10/11/2025,FSDI Ch 60 (9-12pm),FSDI 112
10/14/2025,FSDI Ch 60 (9-12pm),FSDI 112
10/16/2025,FSDI Ch 60 (9-12pm),FSDI 112
10/18/2025,FSDI Ch 60 (9-12pm),FSDI 112
10/21/2025,FSDI Ch 60 (9-12pm),FSDI 113
10/23/2025,FSDI Ch 60 (9-12pm),FSDI 113
10/25/2025,FSDI Ch 60 (9-12pm),FSDI 113
10/28/2025,FSDI Ch 60 (9-12pm),FSDI 113
10/30/2025,FSDI Ch 60 (9-12pm),FSDI 114
11/01/2025,FSDI Ch 60 (9-12pm),FSDI 114
11/04/2025,FSDI Ch 60 (9-12pm),FSDI 114
11/06/2025,FSDI Ch 60 (9-12pm),FSDI 114
11/08/2025,FSDI Ch 60 (9-12pm),FSDI 115
11/13/2025,FSDI Ch 60 (9-12pm),FSDI 115
11/15/2025,FSDI Ch 60 (9-12pm),FSDI 115
11/18/2025,FSDI Ch 60 (9-12pm),FSDI 115
11/20/2025,FSDI Ch 60 (9-12pm),FSDI 116
11/22/2025,FSDI Ch 60 (9-12pm),FSDI 116
11/25/2025,FSDI Ch 60 (9-12pm),FSDI 116
11/29/2025,FSDI Ch 60 (9-12pm),FSDI 116
12/02/2025,FSDI Ch 60 (9-12pm),FSDI 117
12/04/2025,FSDI Ch 60 (9-12pm),FSDI 117
12/06/2025,FSDI Ch 60 (9-12pm),FSDI 117
12/09/2025,FSDI Ch 60 (9-12pm),FSDI 117
12/11/2025,FSDI Ch 60 (9-12pm),FSDI 117
12/13/2025,FSDI Ch 60 (9-12pm),FSDI 117
12/16/2025,FSDI Ch 60 (9-12pm),FSDI 118
12/18/2025,FSDI Ch 60 (9-12pm),FSDI 118
12/20/2025,FSDI Ch 60 (9-12pm),FSDI 118
01/06/2026,FSDI Ch 60 (9-12pm),FSDI 118
01/08/2026,FSDI Ch 60 (9-12pm),FSDI 118
01/10/2026,FSDI Ch 60 (9-12pm),FSDI 118
01/13/2026,FSDI Ch 60 (9-12pm),FSDI 119
01/15/2026,FSDI Ch 60 (9-12pm),FSDI 119
01/17/2026,FSDI Ch 60 (9-12pm),FSDI 119
01/20/2026,FSDI Ch 60 (9-12pm),FSDI 119
01/22/2026,FSDI Ch 60 (9-12pm),FSDI 119
01/24/2026,FSDI Ch 60 (9-12pm),FSDI 119
01/27/2026,FSDI Ch 60 (9-12pm),FSDI 120
01/29/2026,FSDI Ch 60 (9-12pm),FSDI 120
01/31/2026,FSDI Ch 60 (9-12pm),FSDI 120
02/03/2026,FSDI Ch 60 (9-12pm),FSDI 120
02/05/2026,FSDI Ch 60 (9-12pm),FSDI 120
02/07/2026,FSDI Ch 60 (9-12pm),FSDI 120
02/08/2026,FSDI Ch 60 (9-12pm),FSDI 120
08/06/2025,FSDI Ch 61 (12-3pm),FSDI 101
08/09/2025,FSDI Ch 61 (12-3pm),FSDI 101
08/11/2025,FSDI Ch 61 (12-3pm),FSDI 101
08/13/2025,FSDI Ch 61 (12-3pm),FSDI 102
08/16/2025,FSDI Ch 61 (12-3pm),FSDI 102
08/18/2025,FSDI Ch 61 (12-3pm),FSDI 102
08/20/2025,FSDI Ch 61 (12-3pm),FSDI 102
08/23/2025,FSDI Ch 61 (12-3pm),FSDI 103
08/25/2025,FSDI Ch 61 (12-3pm),FSDI 103
08/27/2025,FSDI Ch 61 (12-3pm),FSDI 103
08/30/2025,FSDI Ch 61 (12-3pm),FSDI 103
09/03/2025,FSDI Ch 61 (12-3pm),FSDI 104
09/06/2025,FSDI Ch 61 (12-3pm),FSDI 104
09/08/2025,FSDI Ch 61 (12-3pm),FSDI 104
09/10/2025,FSDI Ch 61 (12-3pm),FSDI 104
09/12/2025,FSDI Ch 61 (12-3pm),FSDI 105
09/15/2025,FSDI Ch 61 (12-3pm),FSDI 105
09/17/2025,FSDI Ch 61 (12-3pm),FSDI 105
09/20/2025,FSDI Ch 61 (12-3pm),FSDI 105
09/22/2025,FSDI Ch 61 (12-3pm),FSDI 106
09/24/2025,FSDI Ch 61 (12-3pm),FSDI 106
09/27/2025,FSDI Ch 61 (12-3pm),FSDI 106
09/29/2025,FSDI Ch 61 (12-3pm),FSDI 106
10/01/2025,FSDI Ch 61 (12-3pm),FSDI 107
10/04/2025,FSDI Ch 61 (12-3pm),FSDI 107
10/06/2025,FSDI Ch 61 (12-3pm),FSDI 107
10/08/2025,FSDI Ch 61 (12-3pm),FSDI 107
10/11/2025,FSDI Ch 61 (12-3pm),FSDI 108
10/13/2025,FSDI Ch 61 (12-3pm),FSDI 108
10/15/2025,FSDI Ch 61 (12-3pm),FSDI 108
10/18/2025,FSDI Ch 61 (12-3pm),FSDI 108
10/20/2025,FSDI Ch 61 (12-3pm),FSDI 109
10/22/2025,FSDI Ch 61 (12-3pm),FSDI 109
10/25/2025,FSDI Ch 61 (12-3pm),FSDI 109
10/27/2025,FSDI Ch 61 (12-3pm),FSDI 109
10/29/2025,FSDI Ch 61 (12-3pm),FSDI 110
11/01/2025,FSDI Ch 61 (12-3pm),FSDI 110
11/03/2025,FSDI Ch 61 (12-3pm),FSDI 110
11/05/2025,FSDI Ch 61 (12-3pm),FSDI 110
11/08/2025,FSDI Ch 61 (12-3pm),FSDI 111
11/10/2025,FSDI Ch 61 (12-3pm),FSDI 111
11/12/2025,FSDI Ch 61 (12-3pm),FSDI 111
11/15/2025,FSDI Ch 61 (12-3pm),FSDI 111
11/17/2025,FSDI Ch 61 (12-3pm),FSDI 112
11/19/2025,FSDI Ch 61 (12-3pm),FSDI 112
11/22/2025,FSDI Ch 61 (12-3pm),FSDI 112
11/24/2025,FSDI Ch 61 (12-3pm),FSDI 112
11/26/2025,FSDI Ch 61 (12-3pm),FSDI 113
11/29/2025,FSDI Ch 61 (12-3pm),FSDI 113
12/01/2025,FSDI Ch 61 (12-3pm),FSDI 113
12/03/2025,FSDI Ch 61 (12-3pm),FSDI 113
12/06/2025,FSDI Ch 61 (12-3pm),FSDI 114
12/08/2025,FSDI Ch 61 (12-3pm),FSDI 114
12/10/2025,FSDI Ch 61 (12-3pm),FSDI 114
12/13/2025,FSDI Ch 61 (12-3pm),FSDI 114
12/15/2025,FSDI Ch 61 (12-3pm),FSDI 115
12/17/2025,FSDI Ch 61 (12-3pm),FSDI 115
12/20/2025,FSDI Ch 61 (12-3pm),FSDI 115
01/05/2026,FSDI Ch 61 (12-3pm),FSDI 115
01/07/2026,FSDI Ch 61 (12-3pm),FSDI 116
01/10/2026,FSDI Ch 61 (12-3pm),FSDI 116
01/12/2026,FSDI Ch 61 (12-3pm),FSDI 116
01/14/2026,FSDI Ch 61 (12-3pm),FSDI 116
01/17/2026,FSDI Ch 61 (12-3pm),FSDI 117
01/21/2026,FSDI Ch 61 (12-3pm),FSDI 117
01/24/2026,FSDI Ch 61 (12-3pm),FSDI 117
01/26/2026,FSDI Ch 61 (12-3pm),FSDI 117
01/28/2026,FSDI Ch 61 (12-3pm),FSDI 117
01/31/2026,FSDI Ch 61 (12-3pm),FSDI 117
02/02/2026,FSDI Ch 61 (12-3pm),FSDI 118
02/04/2026,FSDI Ch 61 (12-3pm),FSDI 118
02/07/2026,FSDI Ch 61 (12-3pm),FSDI 118
02/09/2026,FSDI Ch 61 (12-3pm),FSDI 118
02/11/2026,FSDI Ch 61 (12-3pm),FSDI 118
02/14/2026,FSDI Ch 61 (12-3pm),FSDI 118
02/18/2026,FSDI Ch 61 (12-3pm),FSDI 119
02/21/2026,FSDI Ch 61 (12-3pm),FSDI 119
02/23/2026,FSDI Ch 61 (12-3pm),FSDI 119
02/25/2026,FSDI Ch 61 (12-3pm),FSDI 119
02/28/2026,FSDI Ch 61 (12-3pm),FSDI 119
03/02/2026,FSDI Ch 61 (12-3pm),FSDI 119
03/04/2026,FSDI Ch 61 (12-3pm),FSDI 120
03/07/2026,FSDI Ch 61 (12-3pm),FSDI 120
03/09/2026,FSDI Ch 61 (12-3pm),FSDI 120
03/11/2026,FSDI Ch 61 (12-3pm),FSDI 120
03/14/2026,FSDI Ch 61 (12-3pm),FSDI 120
03/15/2026,FSDI Ch 61 (12-3pm),FSDI 120
09/11/2025,FSDI Ch 62 (9-12pm),FSDI 101
09/13/2025,FSDI Ch 62 (9-12pm),FSDI 101
09/16/2025,FSDI Ch 62 (9-12pm),FSDI 101
09/18/2025,FSDI Ch 62 (9-12pm),FSDI 102
09/20/2025,FSDI Ch 62 (9-12pm),FSDI 102
09/23/2025,FSDI Ch 62 (9-12pm),FSDI 102
09/25/2025,FSDI Ch 62 (9-12pm),FSDI 102
09/27/2025,FSDI Ch 62 (9-12pm),FSDI 103
09/30/2025,FSDI Ch 62 (9-12pm),FSDI 103
10/02/2025,FSDI Ch 62 (9-12pm),FSDI 103
10/04/2025,FSDI Ch 62 (9-12pm),FSDI 103
10/07/2025,FSDI Ch 62 (9-12pm),FSDI 104
10/09/2025,FSDI Ch 62 (9-12pm),FSDI 104
10/11/2025,FSDI Ch 62 (9-12pm),FSDI 104
10/14/2025,FSDI Ch 62 (9-12pm),FSDI 104
10/16/2025,FSDI Ch 62 (9-12pm),FSDI 105
10/18/2025,FSDI Ch 62 (9-12pm),FSDI 105
10/21/2025,FSDI Ch 62 (9-12pm),FSDI 105
10/23/2025,FSDI Ch 62 (9-12pm),FSDI 105
10/25/2025,FSDI Ch 62 (9-12pm),FSDI 106
10/28/2025,FSDI Ch 62 (9-12pm),FSDI 106
10/30/2025,FSDI Ch 62 (9-12pm),FSDI 106
11/01/2025,FSDI Ch 62 (9-12pm),FSDI 106
11/04/2025,FSDI Ch 62 (9-12pm),FSDI 107
11/06/2025,FSDI Ch 62 (9-12pm),FSDI 107
11/08/2025,FSDI Ch 62 (9-12pm),FSDI 107
11/13/2025,FSDI Ch 62 (9-12pm),FSDI 107
11/15/2025,FSDI Ch 62 (9-12pm),FSDI 108
11/18/2025,FSDI Ch 62 (9-12pm),FSDI 108
11/20/2025,FSDI Ch 62 (9-12pm),FSDI 108
11/22/2025,FSDI Ch 62 (9-12pm),FSDI 108
11/25/2025,FSDI Ch 62 (9-12pm),FSDI 109
11/29/2025,FSDI Ch 62 (9-12pm),FSDI 109
12/02/2025,FSDI Ch 62 (9-12pm),FSDI 109
12/04/2025,FSDI Ch 62 (9-12pm),FSDI 109
12/06/2025,FSDI Ch 62 (9-12pm),FSDI 110
12/09/2025,FSDI Ch 62 (9-12pm),FSDI 110
12/11/2025,FSDI Ch 62 (9-12pm),FSDI 110
12/13/2025,FSDI Ch 62 (9-12pm),FSDI 110
12/16/2025,FSDI Ch 62 (9-12pm),FSDI 111
12/18/2025,FSDI Ch 62 (9-12pm),FSDI 111
12/20/2025,FSDI Ch 62 (9-12pm),FSDI 111
01/06/2026,FSDI Ch 62 (9-12pm),FSDI 111
01/08/2026,FSDI Ch 62 (9-12pm),FSDI 112
01/10/2026,FSDI Ch 62 (9-12pm),FSDI 112
01/13/2026,FSDI Ch 62 (9-12pm),FSDI 112
01/15/2026,FSDI Ch 62 (9-12pm),FSDI 112
01/17/2026,FSDI Ch 62 (9-12pm),FSDI 113
01/20/2026,FSDI Ch 62 (9-12pm),FSDI 113
01/22/2026,FSDI Ch 62 (9-12pm),FSDI 113
01/24/2026,FSDI Ch 62 (9-12pm),FSDI 113
01/27/2026,FSDI Ch 62 (9-12pm),FSDI 114
01/29/2026,FSDI Ch 62 (9-12pm),FSDI 114
01/31/2026,FSDI Ch 62 (9-12pm),FSDI 114
02/03/2026,FSDI Ch 62 (9-12pm),FSDI 114
02/05/2026,FSDI Ch 62 (9-12pm),FSDI 115
02/07/2026,FSDI Ch 62 (9-12pm),FSDI 115
02/10/2026,FSDI Ch 62 (9-12pm),FSDI 115
02/12/2026,FSDI Ch 62 (9-12pm),FSDI 115
02/14/2026,FSDI Ch 62 (9-12pm),FSDI 116
02/17/2026,FSDI Ch 62 (9-12pm),FSDI 116
02/19/2026,FSDI Ch 62 (9-12pm),FSDI 116
02/21/2026,FSDI Ch 62 (9-12pm),FSDI 116
02/24/2026,FSDI Ch 62 (9-12pm),FSDI 117
02/26/2026,FSDI Ch 62 (9-12pm),FSDI 117
02/28/2026,FSDI Ch 62 (9-12pm),FSDI 117
03/03/2026,FSDI Ch 62 (9-12pm),FSDI 117
03/05/2026,FSDI Ch 62 (9-12pm),FSDI 117
03/07/2026,FSDI Ch 62 (9-12pm),FSDI 117
03/10/2026,FSDI Ch 62 (9-12pm),FSDI 118
03/12/2026,FSDI Ch 62 (9-12pm),FSDI 118
03/14/2026,FSDI Ch 62 (9-12pm),FSDI 118
03/17/2026,FSDI Ch 62 (9-12pm),FSDI 118
03/19/2026,FSDI Ch 62 (9-12pm),FSDI 118
03/21/2026,FSDI Ch 62 (9-12pm),FSDI 118
03/24/2026,FSDI Ch 62 (9-12pm),FSDI 119
03/26/2026,FSDI Ch 62 (9-12pm),FSDI 119
03/28/2026,FSDI Ch 62 (9-12pm),FSDI 119
04/04/2026,FSDI Ch 62 (9-12pm),FSDI 119
04/07/2026,FSDI Ch 62 (9-12pm),FSDI 119
04/09/2026,FSDI Ch 62 (9-12pm),FSDI 119
04/11/2026,FSDI Ch 62 (9-12pm),FSDI 120
04/14/2026,FSDI Ch 62 (9-12pm),FSDI 120
04/16/2026,FSDI Ch 62 (9-12pm),FSDI 120
04/18/2026,FSDI Ch 62 (9-12pm),FSDI 120
04/21/2026,FSDI Ch 62 (9-12pm),FSDI 120
04/23/2026,FSDI Ch 62 (9-12pm),FSDI 120
04/25/2026,FSDI Ch 62 (9-12pm),FSDI 120
04/26/2026,FSDI Ch 62 (9-12pm),FSDI 120
10/15/2025,FSDI Ch 63 (12-3pm),FSDI 101
10/18/2025,FSDI Ch 63 (12-3pm),FSDI 101
10/20/2025,FSDI Ch 63 (12-3pm),FSDI 101
10/22/2025,FSDI Ch 63 (12-3pm),FSDI 102
10/25/2025,FSDI Ch 63 (12-3pm),FSDI 102
10/27/2025,FSDI Ch 63 (12-3pm),FSDI 102
10/29/2025,FSDI Ch 63 (12-3pm),FSDI 102
11/01/2025,FSDI Ch 63 (12-3pm),FSDI 103
11/03/2025,FSDI Ch 63 (12-3pm),FSDI 103
11/05/2025,FSDI Ch 63 (12-3pm),FSDI 103
11/08/2025,FSDI Ch 63 (12-3pm),FSDI 103
11/10/2025,FSDI Ch 63 (12-3pm),FSDI 104
11/12/2025,FSDI Ch 63 (12-3pm),FSDI 104
11/15/2025,FSDI Ch 63 (12-3pm),FSDI 104
11/17/2025,FSDI Ch 63 (12-3pm),FSDI 104
11/19/2025,FSDI Ch 63 (12-3pm),FSDI 105
11/22/2025,FSDI Ch 63 (12-3pm),FSDI 105
11/24/2025,FSDI Ch 63 (12-3pm),FSDI 105
11/26/2025,FSDI Ch 63 (12-3pm),FSDI 105
11/29/2025,FSDI Ch 63 (12-3pm),FSDI 106
12/01/2025,FSDI Ch 63 (12-3pm),FSDI 106
12/03/2025,FSDI Ch 63 (12-3pm),FSDI 106
12/06/2025,FSDI Ch 63 (12-3pm),FSDI 106
12/08/2025,FSDI Ch 63 (12-3pm),FSDI 107
12/10/2025,FSDI Ch 63 (12-3pm),FSDI 107
12/13/2025,FSDI Ch 63 (12-3pm),FSDI 107
12/15/2025,FSDI Ch 63 (12-3pm),FSDI 107
12/17/2025,FSDI Ch 63 (12-3pm),FSDI 108
12/20/2025,FSDI Ch 63 (12-3pm),FSDI 108
01/05/2026,FSDI Ch 63 (12-3pm),FSDI 108
01/07/2026,FSDI Ch 63 (12-3pm),FSDI 108
01/10/2026,FSDI Ch 63 (12-3pm),FSDI 109
01/12/2026,FSDI Ch 63 (12-3pm),FSDI 109
01/14/2026,FSDI Ch 63 (12-3pm),FSDI 109
01/17/2026,FSDI Ch 63 (12-3pm),FSDI 109
01/21/2026,FSDI Ch 63 (12-3pm),FSDI 110
01/24/2026,FSDI Ch 63 (12-3pm),FSDI 110
01/26/2026,FSDI Ch 63 (12-3pm),FSDI 110
01/28/2026,FSDI Ch 63 (12-3pm),FSDI 110
01/31/2026,FSDI Ch 63 (12-3pm),FSDI 111
02/02/2026,FSDI Ch 63 (12-3pm),FSDI 111
02/04/2026,FSDI Ch 63 (12-3pm),FSDI 111
02/07/2026,FSDI Ch 63 (12-3pm),FSDI 111
02/09/2026,FSDI Ch 63 (12-3pm),FSDI 112
02/11/2026,FSDI Ch 63 (12-3pm),FSDI 112
02/14/2026,FSDI Ch 63 (12-3pm),FSDI 112
02/18/2026,FSDI Ch 63 (12-3pm),FSDI 112
02/21/2026,FSDI Ch 63 (12-3pm),FSDI 113
02/23/2026,FSDI Ch 63 (12-3pm),FSDI 113
02/25/2026,FSDI Ch 63 (12-3pm),FSDI 113
02/28/2026,FSDI Ch 63 (12-3pm),FSDI 113
03/02/2026,FSDI Ch 63 (12-3pm),FSDI 114
03/04/2026,FSDI Ch 63 (12-3pm),FSDI 114
03/07/2026,FSDI Ch 63 (12-3pm),FSDI 114
03/09/2026,FSDI Ch 63 (12-3pm),FSDI 114
03/11/2026,FSDI Ch 63 (12-3pm),FSDI 115
03/14/2026,FSDI Ch 63 (12-3pm),FSDI 115
03/16/2026,FSDI Ch 63 (12-3pm),FSDI 115
03/18/2026,FSDI Ch 63 (12-3pm),FSDI 115
03/21/2026,FSDI Ch 63 (12-3pm),FSDI 116
03/23/2026,FSDI Ch 63 (12-3pm),FSDI 116
03/25/2026,FSDI Ch 63 (12-3pm),FSDI 116
03/28/2026,FSDI Ch 63 (12-3pm),FSDI 116
04/04/2026,FSDI Ch 63 (12-3pm),FSDI 117
04/06/2026,FSDI Ch 63 (12-3pm),FSDI 117
04/08/2026,FSDI Ch 63 (12-3pm),FSDI 117
04/11/2026,FSDI Ch 63 (12-3pm),FSDI 117
04/13/2026,FSDI Ch 63 (12-3pm),FSDI 117
04/15/2026,FSDI Ch 63 (12-3pm),FSDI 117
04/18/2026,FSDI Ch 63 (12-3pm),FSDI 118
04/20/2026,FSDI Ch 63 (12-3pm),FSDI 118
04/22/2026,FSDI Ch 63 (12-3pm),FSDI 118
04/25/2026,FSDI Ch 63 (12-3pm),FSDI 118
04/27/2026,FSDI Ch 63 (12-3pm),FSDI 118
04/29/2026,FSDI Ch 63 (12-3pm),FSDI 118
05/02/2026,FSDI Ch 63 (12-3pm),FSDI 119
05/04/2026,FSDI Ch 63 (12-3pm),FSDI 119
05/06/2026,FSDI Ch 63 (12-3pm),FSDI 119
05/09/2026,FSDI Ch 63 (12-3pm),FSDI 119
05/11/2026,FSDI Ch 63 (12-3pm),FSDI 119
05/13/2026,FSDI Ch 63 (12-3pm),FSDI 119
05/16/2026,FSDI Ch 63 (12-3pm),FSDI 120
05/18/2026,FSDI Ch 63 (12-3pm),FSDI 120
05/20/2026,FSDI Ch 63 (12-3pm),FSDI 120
05/23/2026,FSDI Ch 63 (12-3pm),FSDI 120
05/27/2026,FSDI Ch 63 (12-3pm),FSDI 120
05/30/2026,FSDI Ch 63 (12-3pm),FSDI 120
05/31/2026,FSDI Ch 63 (12-3pm),FSDI 120
11/20/2025,FSDI Ch 64,FSDI 101
11/22/2025,FSDI Ch 64,FSDI 101
11/25/2025,FSDI Ch 64,FSDI 101
11/29/2025,FSDI Ch 64,FSDI 102
12/02/2025,FSDI Ch 64,FSDI 102
12/04/2025,FSDI Ch 64,FSDI 102
12/06/2025,FSDI Ch 64,FSDI 102
12/09/2025,FSDI Ch 64,FSDI 103
12/11/2025,FSDI Ch 64,FSDI 103
12/13/2025,FSDI Ch 64,FSDI 103
12/16/2025,FSDI Ch 64,FSDI 103
12/18/2025,FSDI Ch 64,FSDI 104
12/20/2025,FSDI Ch 64,FSDI 104
01/06/2026,FSDI Ch 64,FSDI 104
01/08/2026,FSDI Ch 64,FSDI 104
01/10/2026,FSDI Ch 64,FSDI 105
01/13/2026,FSDI Ch 64,FSDI 105
01/15/2026,FSDI Ch 64,FSDI 105
01/17/2026,FSDI Ch 64,FSDI 105
01/20/2026,FSDI Ch 64,FSDI 106
01/22/2026,FSDI Ch 64,FSDI 106
01/24/2026,FSDI Ch 64,FSDI 106
01/27/2026,FSDI Ch 64,FSDI 106
01/29/2026,FSDI Ch 64,FSDI 107
01/31/2026,FSDI Ch 64,FSDI 107
02/03/2026,FSDI Ch 64,FSDI 107
02/05/2026,FSDI Ch 64,FSDI 107
02/07/2026,FSDI Ch 64,FSDI 108
02/10/2026,FSDI Ch 64,FSDI 108
02/12/2026,FSDI Ch 64,FSDI 108
02/14/2026,FSDI Ch 64,FSDI 108
02/17/2026,FSDI Ch 64,FSDI 109
02/19/2026,FSDI Ch 64,FSDI 109
02/21/2026,FSDI Ch 64,FSDI 109
02/24/2026,FSDI Ch 64,FSDI 109
02/26/2026,FSDI Ch 64,FSDI 110
02/28/2026,FSDI Ch 64,FSDI 110
03/03/2026,FSDI Ch 64,FSDI 110
03/05/2026,FSDI Ch 64,FSDI 110
03/07/2026,FSDI Ch 64,FSDI 111
03/10/2026,FSDI Ch 64,FSDI 111
03/12/2026,FSDI Ch 64,FSDI 111
03/14/2026,FSDI Ch 64,FSDI 111
03/17/2026,FSDI Ch 64,FSDI 112
03/19/2026,FSDI Ch 64,FSDI 112
03/21/2026,FSDI Ch 64,FSDI 112
03/24/2026,FSDI Ch 64,FSDI 112
03/26/2026,FSDI Ch 64,FSDI 113
03/28/2026,FSDI Ch 64,FSDI 113
04/04/2026,FSDI Ch 64,FSDI 113
04/07/2026,FSDI Ch 64,FSDI 113
04/09/2026,FSDI Ch 64,FSDI 114
04/11/2026,FSDI Ch 64,FSDI 114
04/14/2026,FSDI Ch 64,FSDI 114
04/16/2026,FSDI Ch 64,FSDI 114
04/18/2026,FSDI Ch 64,FSDI 115
04/21/2026,FSDI Ch 64,FSDI 115
04/23/2026,FSDI Ch 64,FSDI 115
04/25/2026,FSDI Ch 64,FSDI 115
04/28/2026,FSDI Ch 64,FSDI 116
04/30/2026,FSDI Ch 64,FSDI 116
05/02/2026,FSDI Ch 64,FSDI 116
05/05/2026,FSDI Ch 64,FSDI 116
05/07/2026,FSDI Ch 64,FSDI 117
05/09/2026,FSDI Ch 64,FSDI 117
05/12/2026,FSDI Ch 64,FSDI 117
05/14/2026,FSDI Ch 64,FSDI 117
05/16/2026,FSDI Ch 64,FSDI 117
05/19/2026,FSDI Ch 64,FSDI 117
05/21/2026,FSDI Ch 64,FSDI 118
05/23/2026,FSDI Ch 64,FSDI 118
05/26/2026,FSDI Ch 64,FSDI 118
05/28/2026,FSDI Ch 64,FSDI 118
05/30/2026,FSDI Ch 64,FSDI 118
06/02/2026,FSDI Ch 64,FSDI 118
06/04/2026,FSDI Ch 64,FSDI 119
06/06/2026,FSDI Ch 64,FSDI 119
06/09/2026,FSDI Ch 64,FSDI 119
06/11/2026,FSDI Ch 64,FSDI 119
06/13/2026,FSDI Ch 64,FSDI 119
06/16/2026,FSDI Ch 64,FSDI 119
06/18/2026,FSDI Ch 64,FSDI 120
06/20/2026,FSDI Ch 64,FSDI 120
06/23/2026,FSDI Ch 64,FSDI 120
06/25/2026,FSDI Ch 64,FSDI 120
06/27/2026,FSDI Ch 64,FSDI 120
06/30/2026,FSDI Ch 64,FSDI 120
07/02/2026,FSDI Ch 64,FSDI 120
07/04/2026,FSDI Ch 64,FSDI 120
07/05/2026,FSDI Ch 64,FSDI 120
06/30/2025,MDI1 Ch 1 (12-3pm),MDI-1 101
07/02/2025,MDI1 Ch 1 (12-3pm),MDI-1 101
07/05/2025,MDI1 Ch 1 (12-3pm),MDI-1 101
07/07/2025,MDI1 Ch 1 (12-3pm),MDI-1 101
07/09/2025,MDI1 Ch 1 (12-3pm),MDI-1 102
07/12/2025,MDI1 Ch 1 (12-3pm),MDI-1 102
07/14/2025,MDI1 Ch 1 (12-3pm),MDI-1 102
07/16/2025,MDI1 Ch 1 (12-3pm),MDI-1 102
07/19/2025,MDI1 Ch 1 (12-3pm),MDI-1 103
07/21/2025,MDI1 Ch 1 (12-3pm),MDI-1 103
07/23/2025,MDI1 Ch 1 (12-3pm),MDI-1 103
07/26/2025,MDI1 Ch 1 (12-3pm),MDI-1 103
07/28/2025,MDI1 Ch 1 (12-3pm),MDI-1 104
07/30/2025,MDI1 Ch 1 (12-3pm),MDI-1 104
08/02/2025,MDI1 Ch 1 (12-3pm),MDI-1 104
08/04/2025,MDI1 Ch 1 (12-3pm),MDI-1 104
08/06/2025,MDI1 Ch 1 (12-3pm),MDI-1 105
08/09/2025,MDI1 Ch 1 (12-3pm),MDI-1 105
08/11/2025,MDI1 Ch 1 (12-3pm),MDI-1 105
08/13/2025,MDI1 Ch 1 (12-3pm),MDI-1 105
08/16/2025,MDI1 Ch 1 (12-3pm),MDI-1 106
08/18/2025,MDI1 Ch 1 (12-3pm),MDI-1 106
08/20/2025,MDI1 Ch 1 (12-3pm),MDI-1 106
08/23/2025,MDI1 Ch 1 (12-3pm),MDI-1 106
08/25/2025,MDI1 Ch 1 (12-3pm),MDI-1 107
08/27/2025,MDI1 Ch 1 (12-3pm),MDI-1 107
08/30/2025,MDI1 Ch 1 (12-3pm),MDI-1 107
09/03/2025,MDI1 Ch 1 (12-3pm),MDI-1 107
09/06/2025,MDI1 Ch 1 (12-3pm),MDI-1 108
09/08/2025,MDI1 Ch 1 (12-3pm),MDI-1 108
09/10/2025,MDI1 Ch 1 (12-3pm),MDI-1 108
09/13/2025,MDI1 Ch 1 (12-3pm),MDI-1 108
09/15/2025,MDI1 Ch 1 (12-3pm),MDI-1 109
09/17/2025,MDI1 Ch 1 (12-3pm),MDI-1 109
09/20/2025,MDI1 Ch 1 (12-3pm),MDI-1 109
09/22/2025,MDI1 Ch 1 (12-3pm),MDI-1 109
09/24/2025,MDI1 Ch 1 (12-3pm),MDI-1 110
09/27/2025,MDI1 Ch 1 (12-3pm),MDI-1 110
09/29/2025,MDI1 Ch 1 (12-3pm),MDI-1 110
10/01/2025,MDI1 Ch 1 (12-3pm),MDI-1 110
10/04/2025,MDI1 Ch 1 (12-3pm),MDI-1 111
10/06/2025,MDI1 Ch 1 (12-3pm),MDI-1 111
10/08/2025,MDI1 Ch 1 (12-3pm),MDI-1 111
10/11/2025,MDI1 Ch 1 (12-3pm),MDI-1 111
10/13/2025,MDI1 Ch 1 (12-3pm),MDI-1 112
10/15/2025,MDI1 Ch 1 (12-3pm),MDI-1 112
10/18/2025,MDI1 Ch 1 (12-3pm),MDI-1 112
10/20/2025,MDI1 Ch 1 (12-3pm),MDI-1 112
10/22/2025,MDI1 Ch 1 (12-3pm),MDI-1 113
10/25/2025,MDI1 Ch 1 (12-3pm),MDI-1 113
10/27/2025,MDI1 Ch 1 (12-3pm),MDI-1 113
10/29/2025,MDI1 Ch 1 (12-3pm),MDI-1 113
11/01/2025,MDI1 Ch 1 (12-3pm),MDI-1 114
11/03/2025,MDI1 Ch 1 (12-3pm),MDI-1 114
11/05/2025,MDI1 Ch 1 (12-3pm),MDI-1 114
11/08/2025,MDI1 Ch 1 (12-3pm),MDI-1 114
11/10/2025,MDI1 Ch 1 (12-3pm),MDI-1 115
11/12/2025,MDI1 Ch 1 (12-3pm),MDI-1 115
11/15/2025,MDI1 Ch 1 (12-3pm),MDI-1 115
11/17/2025,MDI1 Ch 1 (12-3pm),MDI-1 115
11/19/2025,MDI1 Ch 1 (12-3pm),MDI-1 116
11/22/2025,MDI1 Ch 1 (12-3pm),MDI-1 116
11/24/2025,MDI1 Ch 1 (12-3pm),MDI-1 116
11/26/2025,MDI1 Ch 1 (12-3pm),MDI-1 116
11/29/2025,MDI1 Ch 1 (12-3pm),MDI-1 117
12/01/2025,MDI1 Ch 1 (12-3pm),MDI-1 117
12/03/2025,MDI1 Ch 1 (12-3pm),MDI-1 117
12/06/2025,MDI1 Ch 1 (12-3pm),MDI-1 117
12/08/2025,MDI1 Ch 1 (12-3pm),MDI-1 117
12/10/2025,MDI1 Ch 1 (12-3pm),MDI-1 117
12/13/2025,MDI1 Ch 1 (12-3pm),MDI-1 118
12/15/2025,MDI1 Ch 1 (12-3pm),MDI-1 118
12/17/2025,MDI1 Ch 1 (12-3pm),MDI-1 118
12/20/2025,MDI1 Ch 1 (12-3pm),MDI-1 118
01/05/2026,MDI1 Ch 1 (12-3pm),MDI-1 118
01/07/2026,MDI1 Ch 1 (12-3pm),MDI-1 118
01/10/2026,MDI1 Ch 1 (12-3pm),MDI-1 119
01/12/2026,MDI1 Ch 1 (12-3pm),MDI-1 119
01/14/2026,MDI1 Ch 1 (12-3pm),MDI-1 119
01/17/2026,MDI1 Ch 1 (12-3pm),MDI-1 119
01/21/2026,MDI1 Ch 1 (12-3pm),MDI-1 119
01/24/2026,MDI1 Ch 1 (12-3pm),MDI-1 119
01/26/2026,MDI1 Ch 1 (12-3pm),MDI-1 120
01/28/2026,MDI1 Ch 1 (12-3pm),MDI-1 120
01/31/2026,MDI1 Ch 1 (12-3pm),MDI-1 120
02/02/2026,MDI1 Ch 1 (12-3pm),MDI-1 120
02/04/2026,MDI1 Ch 1 (12-3pm),MDI-1 120
02/07/2026,MDI1 Ch 1 (12-3pm),MDI-1 120
02/08/2026,MDI1 Ch 1 (12-3pm),MDI-1 120
08/05/2025,MDI1 Ch 2 (9-12pm),MDI-1 101
08/07/2025,MDI1 Ch 2 (9-12pm),MDI-1 101
08/09/2025,MDI1 Ch 2 (9-12pm),MDI-1 101
08/12/2025,MDI1 Ch 2 (9-12pm),MDI-1 101
08/14/2025,MDI1 Ch 2 (9-12pm),MDI-1 102
08/16/2025,MDI1 Ch 2 (9-12pm),MDI-1 102
08/19/2025,MDI1 Ch 2 (9-12pm),MDI-1 102
08/21/2025,MDI1 Ch 2 (9-12pm),MDI-1 102
08/23/2025,MDI1 Ch 2 (9-12pm),MDI-1 103
08/26/2025,MDI1 Ch 2 (9-12pm),MDI-1 103
08/28/2025,MDI1 Ch 2 (9-12pm),MDI-1 103
08/30/2025,MDI1 Ch 2 (9-12pm),MDI-1 103
09/02/2025,MDI1 Ch 2 (9-12pm),MDI-1 104
09/04/2025,MDI1 Ch 2 (9-12pm),MDI-1 104
09/06/2025,MDI1 Ch 2 (9-12pm),MDI-1 104
09/09/2025,MDI1 Ch 2 (9-12pm),MDI-1 104
09/11/2025,MDI1 Ch 2 (9-12pm),MDI-1 105
09/13/2025,MDI1 Ch 2 (9-12pm),MDI-1 105
09/16/2025,MDI1 Ch 2 (9-12pm),MDI-1 105
09/18/2025,MDI1 Ch 2 (9-12pm),MDI-1 105
09/20/2025,MDI1 Ch 2 (9-12pm),MDI-1 106
09/23/2025,MDI1 Ch 2 (9-12pm),MDI-1 106
09/25/2025,MDI1 Ch 2 (9-12pm),MDI-1 106
09/27/2025,MDI1 Ch 2 (9-12pm),MDI-1 106
09/30/2025,MDI1 Ch 2 (9-12pm),MDI-1 107
10/02/2025,MDI1 Ch 2 (9-12pm),MDI-1 107
10/04/2025,MDI1 Ch 2 (9-12pm),MDI-1 107
10/07/2025,MDI1 Ch 2 (9-12pm),MDI-1 107
10/09/2025,MDI1 Ch 2 (9-12pm),MDI-1 108
10/11/2025,MDI1 Ch 2 (9-12pm),MDI-1 108
10/14/2025,MDI1 Ch 2 (9-12pm),MDI-1 108
10/16/2025,MDI1 Ch 2 (9-12pm),MDI-1 108
10/18/2025,MDI1 Ch 2 (9-12pm),MDI-1 109
10/21/2025,MDI1 Ch 2 (9-12pm),MDI-1 109
10/23/2025,MDI1 Ch 2 (9-12pm),MDI-1 109
10/25/2025,MDI1 Ch 2 (9-12pm),MDI-1 109
10/28/2025,MDI1 Ch 2 (9-12pm),MDI-1 110
10/30/2025,MDI1 Ch 2 (9-12pm),MDI-1 110
11/01/2025,MDI1 Ch 2 (9-12pm),MDI-1 110
11/04/2025,MDI1 Ch 2 (9-12pm),MDI-1 110
11/06/2025,MDI1 Ch 2 (9-12pm),MDI-1 111
11/08/2025,MDI1 Ch 2 (9-12pm),MDI-1 111
11/13/2025,MDI1 Ch 2 (9-12pm),MDI-1 111
11/15/2025,MDI1 Ch 2 (9-12pm),MDI-1 111
11/18/2025,MDI1 Ch 2 (9-12pm),MDI-1 112
11/20/2025,MDI1 Ch 2 (9-12pm),MDI-1 112
11/22/2025,MDI1 Ch 2 (9-12pm),MDI-1 112
11/25/2025,MDI1 Ch 2 (9-12pm),MDI-1 112
11/29/2025,MDI1 Ch 2 (9-12pm),MDI-1 113
12/02/2025,MDI1 Ch 2 (9-12pm),MDI-1 113
12/04/2025,MDI1 Ch 2 (9-12pm),MDI-1 113
12/06/2025,MDI1 Ch 2 (9-12pm),MDI-1 113
12/09/2025,MDI1 Ch 2 (9-12pm),MDI-1 114
12/11/2025,MDI1 Ch 2 (9-12pm),MDI-1 114
12/13/2025,MDI1 Ch 2 (9-12pm),MDI-1 114
12/16/2025,MDI1 Ch 2 (9-12pm),MDI-1 114
12/18/2025,MDI1 Ch 2 (9-12pm),MDI-1 115
12/20/2025,MDI1 Ch 2 (9-12pm),MDI-1 115
01/03/2026,MDI1 Ch 2 (9-12pm),MDI-1 115
01/06/2026,MDI1 Ch 2 (9-12pm),MDI-1 115
01/08/2026,MDI1 Ch 2 (9-12pm),MDI-1 116
01/10/2026,MDI1 Ch 2 (9-12pm),MDI-1 116
01/13/2026,MDI1 Ch 2 (9-12pm),MDI-1 116
01/15/2026,MDI1 Ch 2 (9-12pm),MDI-1 116
01/17/2026,MDI1 Ch 2 (9-12pm),MDI-1 117
01/20/2026,MDI1 Ch 2 (9-12pm),MDI-1 117
01/22/2026,MDI1 Ch 2 (9-12pm),MDI-1 117
01/24/2026,MDI1 Ch 2 (9-12pm),MDI-1 117
01/27/2026,MDI1 Ch 2 (9-12pm),MDI-1 117
01/29/2026,MDI1 Ch 2 (9-12pm),MDI-1 117
01/31/2026,MDI1 Ch 2 (9-12pm),MDI-1 118
02/03/2026,MDI1 Ch 2 (9-12pm),MDI-1 118
02/05/2026,MDI1 Ch 2 (9-12pm),MDI-1 118
02/07/2026,MDI1 Ch 2 (9-12pm),MDI-1 118
02/10/2026,MDI1 Ch 2 (9-12pm),MDI-1 118
02/12/2026,MDI1 Ch 2 (9-12pm),MDI-1 118
02/14/2026,MDI1 Ch 2 (9-12pm),MDI-1 119
02/17/2026,MDI1 Ch 2 (9-12pm),MDI-1 119
02/19/2026,MDI1 Ch 2 (9-12pm),MDI-1 119
02/21/2026,MDI1 Ch 2 (9-12pm),MDI-1 119
02/24/2026,MDI1 Ch 2 (9-12pm),MDI-1 119
02/26/2026,MDI1 Ch 2 (9-12pm),MDI-1 119
02/28/2026,MDI1 Ch 2 (9-12pm),MDI-1 120
03/03/2026,MDI1 Ch 2 (9-12pm),MDI-1 120
03/05/2026,MDI1 Ch 2 (9-12pm),MDI-1 120
03/07/2026,MDI1 Ch 2 (9-12pm),MDI-1 120
03/10/2026,MDI1 Ch 2 (9-12pm),MDI-1 120
03/12/2026,MDI1 Ch 2 (9-12pm),MDI-1 120
03/14/2026,MDI1 Ch 2 (9-12pm),MDI-1 120
03/15/2026,MDI1 Ch 2 (9-12pm),MDI-1 120
09/08/2025,MDI1 Ch 3 (12-3pm),MDI-1 101
09/10/2025,MDI1 Ch 3 (12-3pm),MDI-1 101
09/13/2025,MDI1 Ch 3 (12-3pm),MDI-1 101
09/15/2025,MDI1 Ch 3 (12-3pm),MDI-1 101
09/17/2025,MDI1 Ch 3 (12-3pm),MDI-1 102
09/20/2025,MDI1 Ch 3 (12-3pm),MDI-1 102
09/22/2025,MDI1 Ch 3 (12-3pm),MDI-1 102
09/24/2025,MDI1 Ch 3 (12-3pm),MDI-1 102
09/27/2025,MDI1 Ch 3 (12-3pm),MDI-1 103
09/29/2025,MDI1 Ch 3 (12-3pm),MDI-1 103
10/01/2025,MDI1 Ch 3 (12-3pm),MDI-1 103
10/04/2025,MDI1 Ch 3 (12-3pm),MDI-1 103
10/06/2025,MDI1 Ch 3 (12-3pm),MDI-1 104
10/08/2025,MDI1 Ch 3 (12-3pm),MDI-1 104
10/11/2025,MDI1 Ch 3 (12-3pm),MDI-1 104
10/13/2025,MDI1 Ch 3 (12-3pm),MDI-1 104
10/15/2025,MDI1 Ch 3 (12-3pm),MDI-1 105
10/18/2025,MDI1 Ch 3 (12-3pm),MDI-1 105
10/20/2025,MDI1 Ch 3 (12-3pm),MDI-1 105
10/22/2025,MDI1 Ch 3 (12-3pm),MDI-1 105
10/25/2025,MDI1 Ch 3 (12-3pm),MDI-1 106
10/27/2025,MDI1 Ch 3 (12-3pm),MDI-1 106
10/29/2025,MDI1 Ch 3 (12-3pm),MDI-1 106
11/01/2025,MDI1 Ch 3 (12-3pm),MDI-1 106
11/03/2025,MDI1 Ch 3 (12-3pm),MDI-1 107
11/05/2025,MDI1 Ch 3 (12-3pm),MDI-1 107
11/08/2025,MDI1 Ch 3 (12-3pm),MDI-1 107
11/10/2025,MDI1 Ch 3 (12-3pm),MDI-1 107
11/12/2025,MDI1 Ch 3 (12-3pm),MDI-1 108
11/15/2025,MDI1 Ch 3 (12-3pm),MDI-1 108
11/17/2025,MDI1 Ch 3 (12-3pm),MDI-1 108
11/19/2025,MDI1 Ch 3 (12-3pm),MDI-1 108
11/22/2025,MDI1 Ch 3 (12-3pm),MDI-1 109
11/24/2025,MDI1 Ch 3 (12-3pm),MDI-1 109
11/26/2025,MDI1 Ch 3 (12-3pm),MDI-1 109
11/29/2025,MDI1 Ch 3 (12-3pm),MDI-1 109
12/01/2025,MDI1 Ch 3 (12-3pm),MDI-1 110
12/03/2025,MDI1 Ch 3 (12-3pm),MDI-1 110
12/06/2025,MDI1 Ch 3 (12-3pm),MDI-1 110
12/08/2025,MDI1 Ch 3 (12-3pm),MDI-1 110
12/10/2025,MDI1 Ch 3 (12-3pm),MDI-1 111
12/13/2025,MDI1 Ch 3 (12-3pm),MDI-1 111
12/15/2025,MDI1 Ch 3 (12-3pm),MDI-1 111
12/17/2025,MDI1 Ch 3 (12-3pm),MDI-1 111
12/20/2025,MDI1 Ch 3 (12-3pm),MDI-1 112
01/05/2026,MDI1 Ch 3 (12-3pm),MDI-1 112
01/07/2026,MDI1 Ch 3 (12-3pm),MDI-1 112
01/10/2026,MDI1 Ch 3 (12-3pm),MDI-1 112
01/12/2026,MDI1 Ch 3 (12-3pm),MDI-1 113
01/14/2026,MDI1 Ch 3 (12-3pm),MDI-1 113
01/17/2026,MDI1 Ch 3 (12-3pm),MDI-1 113
01/21/2026,MDI1 Ch 3 (12-3pm),MDI-1 113
01/24/2026,MDI1 Ch 3 (12-3pm),MDI-1 114
01/26/2026,MDI1 Ch 3 (12-3pm),MDI-1 114
01/28/2026,MDI1 Ch 3 (12-3pm),MDI-1 114
01/31/2026,MDI1 Ch 3 (12-3pm),MDI-1 114
02/02/2026,MDI1 Ch 3 (12-3pm),MDI-1 115
02/04/2026,MDI1 Ch 3 (12-3pm),MDI-1 115
02/07/2026,MDI1 Ch 3 (12-3pm),MDI-1 115
02/09/2026,MDI1 Ch 3 (12-3pm),MDI-1 115
02/11/2026,MDI1 Ch 3 (12-3pm),MDI-1 116
02/14/2026,MDI1 Ch 3 (12-3pm),MDI-1 116
02/18/2026,MDI1 Ch 3 (12-3pm),MDI-1 116
02/21/2026,MDI1 Ch 3 (12-3pm),MDI-1 116
02/23/2026,MDI1 Ch 3 (12-3pm),MDI-1 117
02/25/2026,MDI1 Ch 3 (12-3pm),MDI-1 117
02/28/2026,MDI1 Ch 3 (12-3pm),MDI-1 117
03/02/2026,MDI1 Ch 3 (12-3pm),MDI-1 117
03/04/2026,MDI1 Ch 3 (12-3pm),MDI-1 117
03/07/2026,MDI1 Ch 3 (12-3pm),MDI-1 117
03/09/2026,MDI1 Ch 3 (12-3pm),MDI-1 118
03/11/2026,MDI1 Ch 3 (12-3pm),MDI-1 118
03/14/2026,MDI1 Ch 3 (12-3pm),MDI-1 118
03/16/2026,MDI1 Ch 3 (12-3pm),MDI-1 118
03/18/2026,MDI1 Ch 3 (12-3pm),MDI-1 118
03/21/2026,MDI1 Ch 3 (12-3pm),MDI-1 118
03/23/2026,MDI1 Ch 3 (12-3pm),MDI-1 119
03/25/2026,MDI1 Ch 3 (12-3pm),MDI-1 119
03/28/2026,MDI1 Ch 3 (12-3pm),MDI-1 119
04/04/2026,MDI1 Ch 3 (12-3pm),MDI-1 119
04/06/2026,MDI1 Ch 3 (12-3pm),MDI-1 119
04/08/2026,MDI1 Ch 3 (12-3pm),MDI-1 119
04/11/2026,MDI1 Ch 3 (12-3pm),MDI-1 120
04/13/2026,MDI1 Ch 3 (12-3pm),MDI-1 120
04/15/2026,MDI1 Ch 3 (12-3pm),MDI-1 120
04/18/2026,MDI1 Ch 3 (12-3pm),MDI-1 120
04/20/2026,MDI1 Ch 3 (12-3pm),MDI-1 120
04/22/2026,MDI1 Ch 3 (12-3pm),MDI-1 120
04/25/2026,MDI1 Ch 3 (12-3pm),MDI-1 120
04/26/2026,MDI1 Ch 3 (12-3pm),MDI-1 120
10/14/2025,MDI1 Ch 4 (9-12pm),MDI-1 101
10/16/2025,MDI1 Ch 4 (9-12pm),MDI-1 101
10/18/2025,MDI1 Ch 4 (9-12pm),MDI-1 101
10/21/2025,MDI1 Ch 4 (9-12pm),MDI-1 101
10/23/2025,MDI1 Ch 4 (9-12pm),MDI-1 102
10/25/2025,MDI1 Ch 4 (9-12pm),MDI-1 102
10/28/2025,MDI1 Ch 4 (9-12pm),MDI-1 102
10/30/2025,MDI1 Ch 4 (9-12pm),MDI-1 102
11/01/2025,MDI1 Ch 4 (9-12pm),MDI-1 103
11/04/2025,MDI1 Ch 4 (9-12pm),MDI-1 103
11/06/2025,MDI1 Ch 4 (9-12pm),MDI-1 103
11/08/2025,MDI1 Ch 4 (9-12pm),MDI-1 103
11/13/2025,MDI1 Ch 4 (9-12pm),MDI-1 104
11/15/2025,MDI1 Ch 4 (9-12pm),MDI-1 104
11/18/2025,MDI1 Ch 4 (9-12pm),MDI-1 104
11/20/2025,MDI1 Ch 4 (9-12pm),MDI-1 104
11/22/2025,MDI1 Ch 4 (9-12pm),MDI-1 105
11/25/2025,MDI1 Ch 4 (9-12pm),MDI-1 105
11/29/2025,MDI1 Ch 4 (9-12pm),MDI-1 105
12/02/2025,MDI1 Ch 4 (9-12pm),MDI-1 105
12/04/2025,MDI1 Ch 4 (9-12pm),MDI-1 106
12/06/2025,MDI1 Ch 4 (9-12pm),MDI-1 106
12/09/2025,MDI1 Ch 4 (9-12pm),MDI-1 106
12/11/2025,MDI1 Ch 4 (9-12pm),MDI-1 106
12/13/2025,MDI1 Ch 4 (9-12pm),MDI-1 107
12/16/2025,MDI1 Ch 4 (9-12pm),MDI-1 107
12/18/2025,MDI1 Ch 4 (9-12pm),MDI-1 107
12/20/2025,MDI1 Ch 4 (9-12pm),MDI-1 107
01/06/2026,MDI1 Ch 4 (9-12pm),MDI-1 108
01/08/2026,MDI1 Ch 4 (9-12pm),MDI-1 108
01/10/2026,MDI1 Ch 4 (9-12pm),MDI-1 108
01/13/2026,MDI1 Ch 4 (9-12pm),MDI-1 108
01/15/2026,MDI1 Ch 4 (9-12pm),MDI-1 109
01/17/2026,MDI1 Ch 4 (9-12pm),MDI-1 109
01/20/2026,MDI1 Ch 4 (9-12pm),MDI-1 109
01/22/2026,MDI1 Ch 4 (9-12pm),MDI-1 109
01/24/2026,MDI1 Ch 4 (9-12pm),MDI-1 110
01/27/2026,MDI1 Ch 4 (9-12pm),MDI-1 110
01/29/2026,MDI1 Ch 4 (9-12pm),MDI-1 110
01/31/2026,MDI1 Ch 4 (9-12pm),MDI-1 110
02/03/2026,MDI1 Ch 4 (9-12pm),MDI-1 111
02/05/2026,MDI1 Ch 4 (9-12pm),MDI-1 111
02/07/2026,MDI1 Ch 4 (9-12pm),MDI-1 111
02/10/2026,MDI1 Ch 4 (9-12pm),MDI-1 111
02/12/2026,MDI1 Ch 4 (9-12pm),MDI-1 112
02/14/2026,MDI1 Ch 4 (9-12pm),MDI-1 112
02/17/2026,MDI1 Ch 4 (9-12pm),MDI-1 112
02/19/2026,MDI1 Ch 4 (9-12pm),MDI-1 112
02/21/2026,MDI1 Ch 4 (9-12pm),MDI-1 113
02/24/2026,MDI1 Ch 4 (9-12pm),MDI-1 113
02/26/2026,MDI1 Ch 4 (9-12pm),MDI-1 113
02/28/2026,MDI1 Ch 4 (9-12pm),MDI-1 113
03/03/2026,MDI1 Ch 4 (9-12pm),MDI-1 114
03/05/2026,MDI1 Ch 4 (9-12pm),MDI-1 114
03/07/2026,MDI1 Ch 4 (9-12pm),MDI-1 114
03/10/2026,MDI1 Ch 4 (9-12pm),MDI-1 114
03/12/2026,MDI1 Ch 4 (9-12pm),MDI-1 115
03/14/2026,MDI1 Ch 4 (9-12pm),MDI-1 115
03/17/2026,MDI1 Ch 4 (9-12pm),MDI-1 115
03/19/2026,MDI1 Ch 4 (9-12pm),MDI-1 115
03/21/2026,MDI1 Ch 4 (9-12pm),MDI-1 116
03/24/2026,MDI1 Ch 4 (9-12pm),MDI-1 116
03/26/2026,MDI1 Ch 4 (9-12pm),MDI-1 116
03/28/2026,MDI1 Ch 4 (9-12pm),MDI-1 116
04/04/2026,MDI1 Ch 4 (9-12pm),MDI-1 117
04/07/2026,MDI1 Ch 4 (9-12pm),MDI-1 117
04/09/2026,MDI1 Ch 4 (9-12pm),MDI-1 117
04/11/2026,MDI1 Ch 4 (9-12pm),MDI-1 117
04/14/2026,MDI1 Ch 4 (9-12pm),MDI-1 117
04/16/2026,MDI1 Ch 4 (9-12pm),MDI-1 117
04/18/2026,MDI1 Ch 4 (9-12pm),MDI-1 118
04/21/2026,MDI1 Ch 4 (9-12pm),MDI-1 118
04/23/2026,MDI1 Ch 4 (9-12pm),MDI-1 118
04/25/2026,MDI1 Ch 4 (9-12pm),MDI-1 118
04/28/2026,MDI1 Ch 4 (9-12pm),MDI-1 118
04/30/2026,MDI1 Ch 4 (9-12pm),MDI-1 118
05/02/2026,MDI1 Ch 4 (9-12pm),MDI-1 119
05/05/2026,MDI1 Ch 4 (9-12pm),MDI-1 119
05/07/2026,MDI1 Ch 4 (9-12pm),MDI-1 119
05/09/2026,MDI1 Ch 4 (9-12pm),MDI-1 119
05/12/2026,MDI1 Ch 4 (9-12pm),MDI-1 119
05/14/2026,MDI1 Ch 4 (9-12pm),MDI-1 119
05/16/2026,MDI1 Ch 4 (9-12pm),MDI-1 120
05/19/2026,MDI1 Ch 4 (9-12pm),MDI-1 120
05/21/2026,MDI1 Ch 4 (9-12pm),MDI-1 120
05/23/2026,MDI1 Ch 4 (9-12pm),MDI-1 120
05/26/2026,MDI1 Ch 4 (9-12pm),MDI-1 120
05/28/2026,MDI1 Ch 4 (9-12pm),MDI-1 120
05/30/2026,MDI1 Ch 4 (9-12pm),MDI-1 120
05/31/2026,MDI1 Ch 4 (9-12pm),MDI-1 120
11/17/25,MDI1 Ch 5 (12-3pm)	MDI-1,MDI-1 101
11/19/25,MDI1 Ch 5 (12-3pm)	MDI-1,MDI-1 101
11/22/25,MDI1 Ch 5 (12-3pm)	MDI-1,MDI-1 101
11/24/25,MDI1 Ch 5 (12-3pm)	MDI-1,MDI-1 101
11/26/25,MDI1 Ch 5 (12-3pm)	MDI-1,MDI-1 102
11/29/25,MDI1 Ch 5 (12-3pm)	MDI-1,MDI-1 102
12/1/25,MDI1 Ch 5 (12-3pm)	MDI-1,MDI-1 102
12/3/25,MDI1 Ch 5 (12-3pm)	MDI-1,MDI-1 102
12/6/25,MDI1 Ch 5 (12-3pm)	MDI-1,MDI-1 103
12/8/25,MDI1 Ch 5 (12-3pm)	MDI-1,MDI-1 103
12/10/25,MDI1 Ch 5 (12-3pm)	MDI-1,MDI-1 103
12/13/25,MDI1 Ch 5 (12-3pm)	MDI-1,MDI-1 103
12/15/25,MDI1 Ch 5 (12-3pm)	MDI-1,MDI-1 104
12/17/25,MDI1 Ch 5 (12-3pm)	MDI-1,MDI-1 104
12/20/25,MDI1 Ch 5 (12-3pm)	MDI-1,MDI-1 104
1/5/26,MDI1 Ch 5 (12-3pm)	MDI-1,MDI-1 104
1/7/26,MDI1 Ch 5 (12-3pm)	MDI-1,MDI-1 105
1/10/26,MDI1 Ch 5 (12-3pm)	MDI-1,MDI-1 105
1/12/26,MDI1 Ch 5 (12-3pm)	MDI-1,MDI-1 105
1/14/26,MDI1 Ch 5 (12-3pm)	MDI-1,MDI-1 105
1/17/26,MDI1 Ch 5 (12-3pm)	MDI-1,MDI-1 106
1/21/26,MDI1 Ch 5 (12-3pm)	MDI-1,MDI-1 106
1/24/26,MDI1 Ch 5 (12-3pm)	MDI-1,MDI-1 106
1/26/26,MDI1 Ch 5 (12-3pm)	MDI-1,MDI-1 106
1/28/26,MDI1 Ch 5 (12-3pm)	MDI-1,MDI-1 107
1/31/26,MDI1 Ch 5 (12-3pm)	MDI-1,MDI-1 107
2/2/26,MDI1 Ch 5 (12-3pm)	MDI-1,MDI-1 107
2/4/26,MDI1 Ch 5 (12-3pm)	MDI-1,MDI-1 107
2/7/26,MDI1 Ch 5 (12-3pm)	MDI-1,MDI-1 108
2/9/26,MDI1 Ch 5 (12-3pm)	MDI-1,MDI-1 108
2/11/26,MDI1 Ch 5 (12-3pm)	MDI-1,MDI-1 108
2/14/26,MDI1 Ch 5 (12-3pm)	MDI-1,MDI-1 108
2/18/26,MDI1 Ch 5 (12-3pm)	MDI-1,MDI-1 109
2/21/26,MDI1 Ch 5 (12-3pm)	MDI-1,MDI-1 109
2/23/26,MDI1 Ch 5 (12-3pm)	MDI-1,MDI-1 109
2/25/26,MDI1 Ch 5 (12-3pm)	MDI-1,MDI-1 109
2/28/26,MDI1 Ch 5 (12-3pm)	MDI-1,MDI-1 110
3/2/26,MDI1 Ch 5 (12-3pm)	MDI-1,MDI-1 110
3/4/26,MDI1 Ch 5 (12-3pm)	MDI-1,MDI-1 110
3/7/26,MDI1 Ch 5 (12-3pm)	MDI-1,MDI-1 110
3/9/26,MDI1 Ch 5 (12-3pm)	MDI-1,MDI-1 111
3/11/26,MDI1 Ch 5 (12-3pm)	MDI-1,MDI-1 111
3/14/26,MDI1 Ch 5 (12-3pm)	MDI-1,MDI-1 111
3/16/26,MDI1 Ch 5 (12-3pm)	MDI-1,MDI-1 111
3/18/26,MDI1 Ch 5 (12-3pm)	MDI-1,MDI-1 112
3/21/26,MDI1 Ch 5 (12-3pm)	MDI-1,MDI-1 112
3/23/26,MDI1 Ch 5 (12-3pm)	MDI-1,MDI-1 112
3/25/26,MDI1 Ch 5 (12-3pm)	MDI-1,MDI-1 112
3/28/26,MDI1 Ch 5 (12-3pm)	MDI-1,MDI-1 113
4/4/26,MDI1 Ch 5 (12-3pm)	MDI-1,MDI-1 113
4/6/26,MDI1 Ch 5 (12-3pm)	MDI-1,MDI-1 113
4/8/26,MDI1 Ch 5 (12-3pm)	MDI-1,MDI-1 113
4/11/26,MDI1 Ch 5 (12-3pm)	MDI-1,MDI-1 114
4/13/26,MDI1 Ch 5 (12-3pm)	MDI-1,MDI-1 114
4/15/26,MDI1 Ch 5 (12-3pm)	MDI-1,MDI-1 114
4/18/26,MDI1 Ch 5 (12-3pm)	MDI-1,MDI-1 114
4/20/26,MDI1 Ch 5 (12-3pm)	MDI-1,MDI-1 115
4/22/26,MDI1 Ch 5 (12-3pm)	MDI-1,MDI-1 115
4/25/26,MDI1 Ch 5 (12-3pm)	MDI-1,MDI-1 115
4/27/26,MDI1 Ch 5 (12-3pm)	MDI-1,MDI-1 115
4/29/26,MDI1 Ch 5 (12-3pm)	MDI-1,MDI-1 116
5/2/26,MDI1 Ch 5 (12-3pm)	MDI-1,MDI-1 116
5/4/26,MDI1 Ch 5 (12-3pm)	MDI-1,MDI-1 116
5/6/26,MDI1 Ch 5 (12-3pm)	MDI-1,MDI-1 116
5/9/26,MDI1 Ch 5 (12-3pm)	MDI-1,MDI-1 117
5/11/26,MDI1 Ch 5 (12-3pm)	MDI-1,MDI-1 117
5/13/26,MDI1 Ch 5 (12-3pm)	MDI-1,MDI-1 117
5/16/26,MDI1 Ch 5 (12-3pm)	MDI-1,MDI-1 117
5/18/26,MDI1 Ch 5 (12-3pm)	MDI-1,MDI-1 117
5/20/26,MDI1 Ch 5 (12-3pm)	MDI-1,MDI-1 117
5/23/26,MDI1 Ch 5 (12-3pm)	MDI-1,MDI-1 118
5/27/26,MDI1 Ch 5 (12-3pm)	MDI-1,MDI-1 118
5/30/26,MDI1 Ch 5 (12-3pm)	MDI-1,MDI-1 118
6/1/26,MDI1 Ch 5 (12-3pm)	MDI-1,MDI-1 118
6/3/26,MDI1 Ch 5 (12-3pm)	MDI-1,MDI-1 118
6/6/26,MDI1 Ch 5 (12-3pm)	MDI-1,MDI-1 118
6/8/26,MDI1 Ch 5 (12-3pm)	MDI-1,MDI-1 119
6/10/26,MDI1 Ch 5 (12-3pm)	MDI-1,MDI-1 119
6/13/26,MDI1 Ch 5 (12-3pm)	MDI-1,MDI-1 119
6/15/26,MDI1 Ch 5 (12-3pm)	MDI-1,MDI-1 119
6/17/26,MDI1 Ch 5 (12-3pm)	MDI-1,MDI-1 119
6/20/26,MDI1 Ch 5 (12-3pm)	MDI-1,MDI-1 119
6/22/26,MDI1 Ch 5 (12-3pm)	MDI-1,MDI-1 120
6/24/26,MDI1 Ch 5 (12-3pm)	MDI-1,MDI-1 120
6/27/26,MDI1 Ch 5 (12-3pm)	MDI-1,MDI-1 120
6/29/26,MDI1 Ch 5 (12-3pm)	MDI-1,MDI-1 120
7/1/26,MDI1 Ch 5 (12-3pm)	MDI-1,MDI-1 120
7/4/26,MDI1 Ch 5 (12-3pm)	MDI-1,MDI-1 120
7/5/26,MDI1 Ch 5 (12-3pm)	MDI-1,MDI-1 120
08/04/2025,MDI2 Ch 1 (12-3pm),MDI-2 101
08/06/2025,MDI2 Ch 1 (12-3pm),MDI-2 101
08/09/2025,MDI2 Ch 1 (12-3pm),MDI-2 101
08/11/2025,MDI2 Ch 1 (12-3pm),MDI-2 101
08/13/2025,MDI2 Ch 1 (12-3pm),MDI-2 102
08/16/2025,MDI2 Ch 1 (12-3pm),MDI-2 102
08/18/2025,MDI2 Ch 1 (12-3pm),MDI-2 102
08/20/2025,MDI2 Ch 1 (12-3pm),MDI-2 102
08/23/2025,MDI2 Ch 1 (12-3pm),MDI-2 103
08/25/2025,MDI2 Ch 1 (12-3pm),MDI-2 103
08/27/2025,MDI2 Ch 1 (12-3pm),MDI-2 103
08/30/2025,MDI2 Ch 1 (12-3pm),MDI-2 103
09/03/2025,MDI2 Ch 1 (12-3pm),MDI-2 104
09/06/2025,MDI2 Ch 1 (12-3pm),MDI-2 104
09/08/2025,MDI2 Ch 1 (12-3pm),MDI-2 104
09/10/2025,MDI2 Ch 1 (12-3pm),MDI-2 104
09/12/2025,MDI2 Ch 1 (12-3pm),MDI-2 105
09/15/2025,MDI2 Ch 1 (12-3pm),MDI-2 105
09/17/2025,MDI2 Ch 1 (12-3pm),MDI-2 105
09/20/2025,MDI2 Ch 1 (12-3pm),MDI-2 105
09/22/2025,MDI2 Ch 1 (12-3pm),MDI-2 106
09/24/2025,MDI2 Ch 1 (12-3pm),MDI-2 106
09/27/2025,MDI2 Ch 1 (12-3pm),MDI-2 106
09/29/2025,MDI2 Ch 1 (12-3pm),MDI-2 106
10/01/2025,MDI2 Ch 1 (12-3pm),MDI-2 107
10/04/2025,MDI2 Ch 1 (12-3pm),MDI-2 107
10/06/2025,MDI2 Ch 1 (12-3pm),MDI-2 107
10/08/2025,MDI2 Ch 1 (12-3pm),MDI-2 107
10/11/2025,MDI2 Ch 1 (12-3pm),MDI-2 108
10/13/2025,MDI2 Ch 1 (12-3pm),MDI-2 108
10/15/2025,MDI2 Ch 1 (12-3pm),MDI-2 108
10/18/2025,MDI2 Ch 1 (12-3pm),MDI-2 108
10/20/2025,MDI2 Ch 1 (12-3pm),MDI-2 109
10/22/2025,MDI2 Ch 1 (12-3pm),MDI-2 109
10/25/2025,MDI2 Ch 1 (12-3pm),MDI-2 109
10/27/2025,MDI2 Ch 1 (12-3pm),MDI-2 109
10/29/2025,MDI2 Ch 1 (12-3pm),MDI-2 110
11/01/2025,MDI2 Ch 1 (12-3pm),MDI-2 110
11/03/2025,MDI2 Ch 1 (12-3pm),MDI-2 110
11/05/2025,MDI2 Ch 1 (12-3pm),MDI-2 110
11/08/2025,MDI2 Ch 1 (12-3pm),MDI-2 111
11/10/2025,MDI2 Ch 1 (12-3pm),MDI-2 111
11/12/2025,MDI2 Ch 1 (12-3pm),MDI-2 111
11/15/2025,MDI2 Ch 1 (12-3pm),MDI-2 111
11/17/2025,MDI2 Ch 1 (12-3pm),MDI-2 112
11/19/2025,MDI2 Ch 1 (12-3pm),MDI-2 112
11/22/2025,MDI2 Ch 1 (12-3pm),MDI-2 112
11/24/2025,MDI2 Ch 1 (12-3pm),MDI-2 112
11/26/2025,MDI2 Ch 1 (12-3pm),MDI-2 113
11/29/2025,MDI2 Ch 1 (12-3pm),MDI-2 113
12/01/2025,MDI2 Ch 1 (12-3pm),MDI-2 113
12/03/2025,MDI2 Ch 1 (12-3pm),MDI-2 113
12/06/2025,MDI2 Ch 1 (12-3pm),MDI-2 114
12/08/2025,MDI2 Ch 1 (12-3pm),MDI-2 114
12/10/2025,MDI2 Ch 1 (12-3pm),MDI-2 114
12/13/2025,MDI2 Ch 1 (12-3pm),MDI-2 114
12/15/2025,MDI2 Ch 1 (12-3pm),MDI-2 115
12/17/2025,MDI2 Ch 1 (12-3pm),MDI-2 115
12/20/2025,MDI2 Ch 1 (12-3pm),MDI-2 115
01/05/2026,MDI2 Ch 1 (12-3pm),MDI-2 115
01/07/2026,MDI2 Ch 1 (12-3pm),MDI-2 116
01/10/2026,MDI2 Ch 1 (12-3pm),MDI-2 116
01/12/2026,MDI2 Ch 1 (12-3pm),MDI-2 116
01/14/2026,MDI2 Ch 1 (12-3pm),MDI-2 116
01/17/2026,MDI2 Ch 1 (12-3pm),MDI-2 117
01/21/2026,MDI2 Ch 1 (12-3pm),MDI-2 117
01/24/2026,MDI2 Ch 1 (12-3pm),MDI-2 117
01/26/2026,MDI2 Ch 1 (12-3pm),MDI-2 117
01/28/2026,MDI2 Ch 1 (12-3pm),MDI-2 117
01/31/2026,MDI2 Ch 1 (12-3pm),MDI-2 117
02/02/2026,MDI2 Ch 1 (12-3pm),MDI-2 118
02/04/2026,MDI2 Ch 1 (12-3pm),MDI-2 118
02/07/2026,MDI2 Ch 1 (12-3pm),MDI-2 118
02/09/2026,MDI2 Ch 1 (12-3pm),MDI-2 118
02/11/2026,MDI2 Ch 1 (12-3pm),MDI-2 118
02/14/2026,MDI2 Ch 1 (12-3pm),MDI-2 118
02/18/2026,MDI2 Ch 1 (12-3pm),MDI-2 119
02/21/2026,MDI2 Ch 1 (12-3pm),MDI-2 119
02/23/2026,MDI2 Ch 1 (12-3pm),MDI-2 119
02/25/2026,MDI2 Ch 1 (12-3pm),MDI-2 119
02/28/2026,MDI2 Ch 1 (12-3pm),MDI-2 119
03/02/2026,MDI2 Ch 1 (12-3pm),MDI-2 119
03/04/2026,MDI2 Ch 1 (12-3pm),FSDI 120
03/07/2026,MDI2 Ch 1 (12-3pm),FSDI 120
03/09/2026,MDI2 Ch 1 (12-3pm),FSDI 120
03/11/2026,MDI2 Ch 1 (12-3pm),FSDI 120
03/14/2026,MDI2 Ch 1 (12-3pm),FSDI 120
03/15/2026,MDI2 Ch 1 (12-3pm),FSDI 120
09/09/2025,MDI2 Ch 1 (9-12pm),MDI-2 101
09/11/2025,MDI2 Ch 1 (9-12pm),MDI-2 101
09/13/2025,MDI2 Ch 1 (9-12pm),MDI-2 101
09/16/2025,MDI2 Ch 1 (9-12pm),MDI-2 101
09/18/2025,MDI2 Ch 1 (9-12pm),MDI-2 102
09/20/2025,MDI2 Ch 1 (9-12pm),MDI-2 102
09/23/2025,MDI2 Ch 1 (9-12pm),MDI-2 102
09/25/2025,MDI2 Ch 1 (9-12pm),MDI-2 102
09/27/2025,MDI2 Ch 1 (9-12pm),MDI-2 103
09/30/2025,MDI2 Ch 1 (9-12pm),MDI-2 103
10/02/2025,MDI2 Ch 1 (9-12pm),MDI-2 103
10/04/2025,MDI2 Ch 1 (9-12pm),MDI-2 103
10/07/2025,MDI2 Ch 1 (9-12pm),MDI-2 104
10/09/2025,MDI2 Ch 1 (9-12pm),MDI-2 104
10/11/2025,MDI2 Ch 1 (9-12pm),MDI-2 104
10/14/2025,MDI2 Ch 1 (9-12pm),MDI-2 104
10/16/2025,MDI2 Ch 1 (9-12pm),MDI-2 105
10/18/2025,MDI2 Ch 1 (9-12pm),MDI-2 105
10/21/2025,MDI2 Ch 1 (9-12pm),MDI-2 105
10/23/2025,MDI2 Ch 1 (9-12pm),MDI-2 105
10/25/2025,MDI2 Ch 1 (9-12pm),MDI-2 106
10/28/2025,MDI2 Ch 1 (9-12pm),MDI-2 106
10/30/2025,MDI2 Ch 1 (9-12pm),MDI-2 106
11/01/2025,MDI2 Ch 1 (9-12pm),MDI-2 106
11/04/2025,MDI2 Ch 1 (9-12pm),MDI-2 107
11/06/2025,MDI2 Ch 1 (9-12pm),MDI-2 107
11/08/2025,MDI2 Ch 1 (9-12pm),MDI-2 107
11/13/2025,MDI2 Ch 1 (9-12pm),MDI-2 107
11/15/2025,MDI2 Ch 1 (9-12pm),MDI-2 108
11/18/2025,MDI2 Ch 1 (9-12pm),MDI-2 108
11/20/2025,MDI2 Ch 1 (9-12pm),MDI-2 108
11/22/2025,MDI2 Ch 1 (9-12pm),MDI-2 108
11/25/2025,MDI2 Ch 1 (9-12pm),MDI-2 109
11/29/2025,MDI2 Ch 1 (9-12pm),MDI-2 109
12/02/2025,MDI2 Ch 1 (9-12pm),MDI-2 109
12/04/2025,MDI2 Ch 1 (9-12pm),MDI-2 109
12/06/2025,MDI2 Ch 1 (9-12pm),MDI-2 110
12/09/2025,MDI2 Ch 1 (9-12pm),MDI-2 110
12/11/2025,MDI2 Ch 1 (9-12pm),MDI-2 110
12/13/2025,MDI2 Ch 1 (9-12pm),MDI-2 110
12/16/2025,MDI2 Ch 1 (9-12pm),MDI-2 111
12/18/2025,MDI2 Ch 1 (9-12pm),MDI-2 111
12/20/2025,MDI2 Ch 1 (9-12pm),MDI-2 111
01/06/2026,MDI2 Ch 1 (9-12pm),MDI-2 111
01/08/2026,MDI2 Ch 1 (9-12pm),MDI-2 112
01/10/2026,MDI2 Ch 1 (9-12pm),MDI-2 112
01/13/2026,MDI2 Ch 1 (9-12pm),MDI-2 112
01/15/2026,MDI2 Ch 1 (9-12pm),MDI-2 112
01/17/2026,MDI2 Ch 1 (9-12pm),MDI-2 113
01/20/2026,MDI2 Ch 1 (9-12pm),MDI-2 113
01/22/2026,MDI2 Ch 1 (9-12pm),MDI-2 113
01/24/2026,MDI2 Ch 1 (9-12pm),MDI-2 113
01/27/2026,MDI2 Ch 1 (9-12pm),MDI-2 114
01/29/2026,MDI2 Ch 1 (9-12pm),MDI-2 114
01/31/2026,MDI2 Ch 1 (9-12pm),MDI-2 114
02/03/2026,MDI2 Ch 1 (9-12pm),MDI-2 114
02/05/2026,MDI2 Ch 1 (9-12pm),MDI-2 115
02/07/2026,MDI2 Ch 1 (9-12pm),MDI-2 115
02/10/2026,MDI2 Ch 1 (9-12pm),MDI-2 115
02/12/2026,MDI2 Ch 1 (9-12pm),MDI-2 115
02/14/2026,MDI2 Ch 1 (9-12pm),MDI-2 116
02/17/2026,MDI2 Ch 1 (9-12pm),MDI-2 116
02/19/2026,MDI2 Ch 1 (9-12pm),MDI-2 116
02/21/2026,MDI2 Ch 1 (9-12pm),MDI-2 116
02/24/2026,MDI2 Ch 1 (9-12pm),MDI-2 117
02/26/2026,MDI2 Ch 1 (9-12pm),MDI-2 117
02/28/2026,MDI2 Ch 1 (9-12pm),MDI-2 117
03/03/2026,MDI2 Ch 1 (9-12pm),MDI-2 117
03/05/2026,MDI2 Ch 1 (9-12pm),MDI-2 117
03/07/2026,MDI2 Ch 1 (9-12pm),MDI-2 117
03/10/2026,MDI2 Ch 1 (9-12pm),MDI-2 118
03/12/2026,MDI2 Ch 1 (9-12pm),MDI-2 118
03/14/2026,MDI2 Ch 1 (9-12pm),MDI-2 118
03/17/2026,MDI2 Ch 1 (9-12pm),MDI-2 118
03/19/2026,MDI2 Ch 1 (9-12pm),MDI-2 118
03/21/2026,MDI2 Ch 1 (9-12pm),MDI-2 118
03/24/2026,MDI2 Ch 1 (9-12pm),MDI-2 119
03/26/2026,MDI2 Ch 1 (9-12pm),MDI-2 119
03/28/2026,MDI2 Ch 1 (9-12pm),MDI-2 119
04/04/2026,MDI2 Ch 1 (9-12pm),MDI-2 119
04/07/2026,MDI2 Ch 1 (9-12pm),MDI-2 119
04/09/2026,MDI2 Ch 1 (9-12pm),MDI-2 119
04/11/2026,MDI2 Ch 1 (9-12pm),MDI-2 120
04/14/2026,MDI2 Ch 1 (9-12pm),MDI-2 120
04/16/2026,MDI2 Ch 1 (9-12pm),MDI-2 120
04/18/2026,MDI2 Ch 1 (9-12pm),MDI-2 120
04/21/2026,MDI2 Ch 1 (9-12pm),MDI-2 120
04/23/2026,MDI2 Ch 1 (9-12pm),MDI-2 120
04/25/2026,MDI2 Ch 1 (9-12pm),MDI-2 120
04/26/2026,MDI2 Ch 1 (9-12pm),MDI-2 120
10/13/2025,MDI2 Ch 3 (12-3pm),MDI-2 101
10/15/2025,MDI2 Ch 3 (12-3pm),MDI-2 101
10/18/2025,MDI2 Ch 3 (12-3pm),MDI-2 101
10/20/2025,MDI2 Ch 3 (12-3pm),MDI-2 101
10/22/2025,MDI2 Ch 3 (12-3pm),MDI-2 102
10/25/2025,MDI2 Ch 3 (12-3pm),MDI-2 102
10/27/2025,MDI2 Ch 3 (12-3pm),MDI-2 102
10/29/2025,MDI2 Ch 3 (12-3pm),MDI-2 102
11/01/2025,MDI2 Ch 3 (12-3pm),MDI-2 103
11/03/2025,MDI2 Ch 3 (12-3pm),MDI-2 103
11/05/2025,MDI2 Ch 3 (12-3pm),MDI-2 103
11/08/2025,MDI2 Ch 3 (12-3pm),MDI-2 103
11/10/2025,MDI2 Ch 3 (12-3pm),MDI-2 104
11/12/2025,MDI2 Ch 3 (12-3pm),MDI-2 104
11/15/2025,MDI2 Ch 3 (12-3pm),MDI-2 104
11/17/2025,MDI2 Ch 3 (12-3pm),MDI-2 104
11/19/2025,MDI2 Ch 3 (12-3pm),MDI-2 105
11/22/2025,MDI2 Ch 3 (12-3pm),MDI-2 105
11/24/2025,MDI2 Ch 3 (12-3pm),MDI-2 105
11/26/2025,MDI2 Ch 3 (12-3pm),MDI-2 105
11/29/2025,MDI2 Ch 3 (12-3pm),MDI-2 106
12/01/2025,MDI2 Ch 3 (12-3pm),MDI-2 106
12/03/2025,MDI2 Ch 3 (12-3pm),MDI-2 106
12/06/2025,MDI2 Ch 3 (12-3pm),MDI-2 106
12/08/2025,MDI2 Ch 3 (12-3pm),MDI-2 107
12/10/2025,MDI2 Ch 3 (12-3pm),MDI-2 107
12/13/2025,MDI2 Ch 3 (12-3pm),MDI-2 107
12/15/2025,MDI2 Ch 3 (12-3pm),MDI-2 107
12/17/2025,MDI2 Ch 3 (12-3pm),MDI-2 108
12/20/2025,MDI2 Ch 3 (12-3pm),MDI-2 108
01/05/2026,MDI2 Ch 3 (12-3pm),MDI-2 108
01/07/2026,MDI2 Ch 3 (12-3pm),MDI-2 108
01/10/2026,MDI2 Ch 3 (12-3pm),MDI-2 109
01/12/2026,MDI2 Ch 3 (12-3pm),MDI-2 109
01/14/2026,MDI2 Ch 3 (12-3pm),MDI-2 109
01/17/2026,MDI2 Ch 3 (12-3pm),MDI-2 109
01/21/2026,MDI2 Ch 3 (12-3pm),MDI-2 110
01/24/2026,MDI2 Ch 3 (12-3pm),MDI-2 110
01/26/2026,MDI2 Ch 3 (12-3pm),MDI-2 110
01/28/2026,MDI2 Ch 3 (12-3pm),MDI-2 110
01/31/2026,MDI2 Ch 3 (12-3pm),MDI-2 111
02/02/2026,MDI2 Ch 3 (12-3pm),MDI-2 111
02/04/2026,MDI2 Ch 3 (12-3pm),MDI-2 111
02/07/2026,MDI2 Ch 3 (12-3pm),MDI-2 111
02/09/2026,MDI2 Ch 3 (12-3pm),MDI-2 112
02/11/2026,MDI2 Ch 3 (12-3pm),MDI-2 112
02/14/2026,MDI2 Ch 3 (12-3pm),MDI-2 112
02/18/2026,MDI2 Ch 3 (12-3pm),MDI-2 112
02/21/2026,MDI2 Ch 3 (12-3pm),MDI-2 113
02/23/2026,MDI2 Ch 3 (12-3pm),MDI-2 113
02/25/2026,MDI2 Ch 3 (12-3pm),MDI-2 113
02/28/2026,MDI2 Ch 3 (12-3pm),MDI-2 113
03/02/2026,MDI2 Ch 3 (12-3pm),MDI-2 114
03/04/2026,MDI2 Ch 3 (12-3pm),MDI-2 114
03/07/2026,MDI2 Ch 3 (12-3pm),MDI-2 114
03/09/2026,MDI2 Ch 3 (12-3pm),MDI-2 114
03/11/2026,MDI2 Ch 3 (12-3pm),MDI-2 115
03/14/2026,MDI2 Ch 3 (12-3pm),MDI-2 115
03/16/2026,MDI2 Ch 3 (12-3pm),MDI-2 115
03/18/2026,MDI2 Ch 3 (12-3pm),MDI-2 115
03/21/2026,MDI2 Ch 3 (12-3pm),MDI-2 116
03/23/2026,MDI2 Ch 3 (12-3pm),MDI-2 116
03/25/2026,MDI2 Ch 3 (12-3pm),MDI-2 116
03/28/2026,MDI2 Ch 3 (12-3pm),MDI-2 116
04/04/2026,MDI2 Ch 3 (12-3pm),MDI-2 117
04/06/2026,MDI2 Ch 3 (12-3pm),MDI-2 117
04/08/2026,MDI2 Ch 3 (12-3pm),MDI-2 117
04/11/2026,MDI2 Ch 3 (12-3pm),MDI-2 117
04/13/2026,MDI2 Ch 3 (12-3pm),MDI-2 117
04/15/2026,MDI2 Ch 3 (12-3pm),MDI-2 117
04/18/2026,MDI2 Ch 3 (12-3pm),MDI-2 118
04/20/2026,MDI2 Ch 3 (12-3pm),MDI-2 118
04/22/2026,MDI2 Ch 3 (12-3pm),MDI-2 118
04/25/2026,MDI2 Ch 3 (12-3pm),MDI-2 118
04/27/2026,MDI2 Ch 3 (12-3pm),MDI-2 118
04/29/2026,MDI2 Ch 3 (12-3pm),MDI-2 118
05/02/2026,MDI2 Ch 3 (12-3pm),MDI-2 119
05/04/2026,MDI2 Ch 3 (12-3pm),MDI-2 119
05/06/2026,MDI2 Ch 3 (12-3pm),MDI-2 119
05/09/2026,MDI2 Ch 3 (12-3pm),MDI-2 119
05/11/2026,MDI2 Ch 3 (12-3pm),MDI-2 119
05/13/2026,MDI2 Ch 3 (12-3pm),MDI-2 119
05/16/2026,MDI2 Ch 3 (12-3pm),MDI-2 120
05/18/2026,MDI2 Ch 3 (12-3pm),MDI-2 120
05/20/2026,MDI2 Ch 3 (12-3pm),MDI-2 120
05/23/2026,MDI2 Ch 3 (12-3pm),MDI-2 120
05/27/2026,MDI2 Ch 3 (12-3pm),MDI-2 120
05/30/2026,MDI2 Ch 3 (12-3pm),MDI-2 120
05/31/2026,MDI2 Ch 3 (12-3pm),MDI-2 120
11/18/2025,MDI2 Ch 1 (9-12pm),MDI-2 101
11/20/2025,MDI2 Ch 1 (9-12pm),MDI-2 101
11/22/2025,MDI2 Ch 1 (9-12pm),MDI-2 101
11/25/2025,MDI2 Ch 1 (9-12pm),MDI-2 101
11/29/2025,MDI2 Ch 1 (9-12pm),MDI-2 102
12/02/2025,MDI2 Ch 1 (9-12pm),MDI-2 102
12/04/2025,MDI2 Ch 1 (9-12pm),MDI-2 102
12/06/2025,MDI2 Ch 1 (9-12pm),MDI-2 102
12/09/2025,MDI2 Ch 1 (9-12pm),MDI-2 103
12/11/2025,MDI2 Ch 1 (9-12pm),MDI-2 103
12/13/2025,MDI2 Ch 1 (9-12pm),MDI-2 103
12/16/2025,MDI2 Ch 1 (9-12pm),MDI-2 103
12/18/2025,MDI2 Ch 1 (9-12pm),MDI-2 104
12/20/2025,MDI2 Ch 1 (9-12pm),MDI-2 104
01/06/2026,MDI2 Ch 1 (9-12pm),MDI-2 104
01/08/2026,MDI2 Ch 1 (9-12pm),MDI-2 104
01/10/2026,MDI2 Ch 1 (9-12pm),MDI-2 105
01/13/2026,MDI2 Ch 1 (9-12pm),MDI-2 105
01/15/2026,MDI2 Ch 1 (9-12pm),MDI-2 105
01/17/2026,MDI2 Ch 1 (9-12pm),MDI-2 105
01/20/2026,MDI2 Ch 1 (9-12pm),MDI-2 106
01/22/2026,MDI2 Ch 1 (9-12pm),MDI-2 106
01/24/2026,MDI2 Ch 1 (9-12pm),MDI-2 106
01/27/2026,MDI2 Ch 1 (9-12pm),MDI-2 106
01/29/2026,MDI2 Ch 1 (9-12pm),MDI-2 107
01/31/2026,MDI2 Ch 1 (9-12pm),MDI-2 107
02/03/2026,MDI2 Ch 1 (9-12pm),MDI-2 107
02/05/2026,MDI2 Ch 1 (9-12pm),MDI-2 107
02/07/2026,MDI2 Ch 1 (9-12pm),MDI-2 108
02/10/2026,MDI2 Ch 1 (9-12pm),MDI-2 108
02/12/2026,MDI2 Ch 1 (9-12pm),MDI-2 108
02/14/2026,MDI2 Ch 1 (9-12pm),MDI-2 108
02/17/2026,MDI2 Ch 1 (9-12pm),MDI-2 109
02/19/2026,MDI2 Ch 1 (9-12pm),MDI-2 109
02/21/2026,MDI2 Ch 1 (9-12pm),MDI-2 109
02/24/2026,MDI2 Ch 1 (9-12pm),MDI-2 109
02/26/2026,MDI2 Ch 1 (9-12pm),MDI-2 110
02/28/2026,MDI2 Ch 1 (9-12pm),MDI-2 110
03/03/2026,MDI2 Ch 1 (9-12pm),MDI-2 110
03/05/2026,MDI2 Ch 1 (9-12pm),MDI-2 110
03/07/2026,MDI2 Ch 1 (9-12pm),MDI-2 111
03/10/2026,MDI2 Ch 1 (9-12pm),MDI-2 111
03/12/2026,MDI2 Ch 1 (9-12pm),MDI-2 111
03/14/2026,MDI2 Ch 1 (9-12pm),MDI-2 111
03/17/2026,MDI2 Ch 1 (9-12pm),MDI-2 112
03/19/2026,MDI2 Ch 1 (9-12pm),MDI-2 112
03/21/2026,MDI2 Ch 1 (9-12pm),MDI-2 112
03/24/2026,MDI2 Ch 1 (9-12pm),MDI-2 112
03/26/2026,MDI2 Ch 1 (9-12pm),MDI-2 113
03/28/2026,MDI2 Ch 1 (9-12pm),MDI-2 113
04/04/2026,MDI2 Ch 1 (9-12pm),MDI-2 113
04/07/2026,MDI2 Ch 1 (9-12pm),MDI-2 113
04/09/2026,MDI2 Ch 1 (9-12pm),MDI-2 114
04/11/2026,MDI2 Ch 1 (9-12pm),MDI-2 114
04/14/2026,MDI2 Ch 1 (9-12pm),MDI-2 114
04/16/2026,MDI2 Ch 1 (9-12pm),MDI-2 114
04/18/2026,MDI2 Ch 1 (9-12pm),MDI-2 115
04/21/2026,MDI2 Ch 1 (9-12pm),MDI-2 115
04/23/2026,MDI2 Ch 1 (9-12pm),MDI-2 115
04/25/2026,MDI2 Ch 1 (9-12pm),MDI-2 115
04/28/2026,MDI2 Ch 1 (9-12pm),MDI-2 116
04/30/2026,MDI2 Ch 1 (9-12pm),MDI-2 116
05/02/2026,MDI2 Ch 1 (9-12pm),MDI-2 116
05/05/2026,MDI2 Ch 1 (9-12pm),MDI-2 116
05/07/2026,MDI2 Ch 1 (9-12pm),MDI-2 117
05/09/2026,MDI2 Ch 1 (9-12pm),MDI-2 117
05/12/2026,MDI2 Ch 1 (9-12pm),MDI-2 117
05/14/2026,MDI2 Ch 1 (9-12pm),MDI-2 117
05/16/2026,MDI2 Ch 1 (9-12pm),MDI-2 117
05/19/2026,MDI2 Ch 1 (9-12pm),MDI-2 117
05/21/2026,MDI2 Ch 1 (9-12pm),MDI-2 118
05/23/2026,MDI2 Ch 1 (9-12pm),MDI-2 118
05/26/2026,MDI2 Ch 1 (9-12pm),MDI-2 118
05/28/2026,MDI2 Ch 1 (9-12pm),MDI-2 118
05/30/2026,MDI2 Ch 1 (9-12pm),MDI-2 118
06/02/2026,MDI2 Ch 1 (9-12pm),MDI-2 118
06/04/2026,MDI2 Ch 1 (9-12pm),MDI-2 119
06/06/2026,MDI2 Ch 1 (9-12pm),MDI-2 119
06/09/2026,MDI2 Ch 1 (9-12pm),MDI-2 119
06/11/2026,MDI2 Ch 1 (9-12pm),MDI-2 119
06/13/2026,MDI2 Ch 1 (9-12pm),MDI-2 119
06/16/2026,MDI2 Ch 1 (9-12pm),MDI-2 119
06/18/2026,MDI2 Ch 1 (9-12pm),MDI-2 120
06/20/2026,MDI2 Ch 1 (9-12pm),MDI-2 120
06/23/2026,MDI2 Ch 1 (9-12pm),MDI-2 120
06/25/2026,MDI2 Ch 1 (9-12pm),MDI-2 120
06/27/2026,MDI2 Ch 1 (9-12pm),MDI-2 120
06/30/2026,MDI2 Ch 1 (9-12pm),MDI-2 120
07/02/2026,MDI2 Ch 1 (9-12pm),MDI-2 120
07/04/2026,MDI2 Ch 1 (9-12pm),MDI-2 120
07/05/2026,MDI2 Ch 1 (9-12pm),MDI-2 120
11/18/2025,MDI2 Ch 4 (9-12pm),MDI-2 101
11/20/2025,MDI2 Ch 4 (9-12pm),MDI-2 101
11/22/2025,MDI2 Ch 4 (9-12pm),MDI-2 101
11/25/2025,MDI2 Ch 4 (9-12pm),MDI-2 101
11/29/2025,MDI2 Ch 4 (9-12pm),MDI-2 102
12/02/2025,MDI2 Ch 4 (9-12pm),MDI-2 102
12/04/2025,MDI2 Ch 4 (9-12pm),MDI-2 102
12/06/2025,MDI2 Ch 4 (9-12pm),MDI-2 102
12/09/2025,MDI2 Ch 4 (9-12pm),MDI-2 103
12/11/2025,MDI2 Ch 4 (9-12pm),MDI-2 103
12/13/2025,MDI2 Ch 4 (9-12pm),MDI-2 103
12/16/2025,MDI2 Ch 4 (9-12pm),MDI-2 103
12/18/2025,MDI2 Ch 4 (9-12pm),MDI-2 104
12/20/2025,MDI2 Ch 4 (9-12pm),MDI-2 104
01/06/2026,MDI2 Ch 4 (9-12pm),MDI-2 104
01/08/2026,MDI2 Ch 4 (9-12pm),MDI-2 104
01/10/2026,MDI2 Ch 4 (9-12pm),MDI-2 105
01/13/2026,MDI2 Ch 4 (9-12pm),MDI-2 105
01/15/2026,MDI2 Ch 4 (9-12pm),MDI-2 105
01/17/2026,MDI2 Ch 4 (9-12pm),MDI-2 105
01/20/2026,MDI2 Ch 4 (9-12pm),MDI-2 106
01/22/2026,MDI2 Ch 4 (9-12pm),MDI-2 106
01/24/2026,MDI2 Ch 4 (9-12pm),MDI-2 106
01/27/2026,MDI2 Ch 4 (9-12pm),MDI-2 106
01/29/2026,MDI2 Ch 4 (9-12pm),MDI-2 107
01/31/2026,MDI2 Ch 4 (9-12pm),MDI-2 107
02/03/2026,MDI2 Ch 4 (9-12pm),MDI-2 107
02/05/2026,MDI2 Ch 4 (9-12pm),MDI-2 107
02/07/2026,MDI2 Ch 4 (9-12pm),MDI-2 108
02/10/2026,MDI2 Ch 4 (9-12pm),MDI-2 108
02/12/2026,MDI2 Ch 4 (9-12pm),MDI-2 108
02/14/2026,MDI2 Ch 4 (9-12pm),MDI-2 108
02/17/2026,MDI2 Ch 4 (9-12pm),MDI-2 109
02/19/2026,MDI2 Ch 4 (9-12pm),MDI-2 109
02/21/2026,MDI2 Ch 4 (9-12pm),MDI-2 109
02/24/2026,MDI2 Ch 4 (9-12pm),MDI-2 109
02/26/2026,MDI2 Ch 4 (9-12pm),MDI-2 110
02/28/2026,MDI2 Ch 4 (9-12pm),MDI-2 110
03/03/2026,MDI2 Ch 4 (9-12pm),MDI-2 110
03/05/2026,MDI2 Ch 4 (9-12pm),MDI-2 110
03/07/2026,MDI2 Ch 4 (9-12pm),MDI-2 111
03/10/2026,MDI2 Ch 4 (9-12pm),MDI-2 111
03/12/2026,MDI2 Ch 4 (9-12pm),MDI-2 111
03/14/2026,MDI2 Ch 4 (9-12pm),MDI-2 111
03/17/2026,MDI2 Ch 4 (9-12pm),MDI-2 112
03/19/2026,MDI2 Ch 4 (9-12pm),MDI-2 112
03/21/2026,MDI2 Ch 4 (9-12pm),MDI-2 112
03/24/2026,MDI2 Ch 4 (9-12pm),MDI-2 112
03/26/2026,MDI2 Ch 4 (9-12pm),MDI-2 113
03/28/2026,MDI2 Ch 4 (9-12pm),MDI-2 113
04/04/2026,MDI2 Ch 4 (9-12pm),MDI-2 113
04/07/2026,MDI2 Ch 4 (9-12pm),MDI-2 113
04/09/2026,MDI2 Ch 4 (9-12pm),MDI-2 114
04/11/2026,MDI2 Ch 4 (9-12pm),MDI-2 114
04/14/2026,MDI2 Ch 4 (9-12pm),MDI-2 114
04/16/2026,MDI2 Ch 4 (9-12pm),MDI-2 114
04/18/2026,MDI2 Ch 4 (9-12pm),MDI-2 115
04/21/2026,MDI2 Ch 4 (9-12pm),MDI-2 115
04/23/2026,MDI2 Ch 4 (9-12pm),MDI-2 115
04/25/2026,MDI2 Ch 4 (9-12pm),MDI-2 115
04/28/2026,MDI2 Ch 4 (9-12pm),MDI-2 116
04/30/2026,MDI2 Ch 4 (9-12pm),MDI-2 116
05/02/2026,MDI2 Ch 4 (9-12pm),MDI-2 116
05/05/2026,MDI2 Ch 4 (9-12pm),MDI-2 116
05/07/2026,MDI2 Ch 4 (9-12pm),MDI-2 117
05/09/2026,MDI2 Ch 4 (9-12pm),MDI-2 117
05/12/2026,MDI2 Ch 4 (9-12pm),MDI-2 117
05/14/2026,MDI2 Ch 4 (9-12pm),MDI-2 117
05/16/2026,MDI2 Ch 4 (9-12pm),MDI-2 117
05/19/2026,MDI2 Ch 4 (9-12pm),MDI-2 117
05/21/2026,MDI2 Ch 4 (9-12pm),MDI-2 118
05/23/2026,MDI2 Ch 4 (9-12pm),MDI-2 118
05/26/2026,MDI2 Ch 4 (9-12pm),MDI-2 118
05/28/2026,MDI2 Ch 4 (9-12pm),MDI-2 118
05/30/2026,MDI2 Ch 4 (9-12pm),MDI-2 118
06/02/2026,MDI2 Ch 4 (9-12pm),MDI-2 118
06/04/2026,MDI2 Ch 4 (9-12pm),MDI-2 119
06/06/2026,MDI2 Ch 4 (9-12pm),MDI-2 119
06/09/2026,MDI2 Ch 4 (9-12pm),MDI-2 119
06/11/2026,MDI2 Ch 4 (9-12pm),MDI-2 119
06/13/2026,MDI2 Ch 4 (9-12pm),MDI-2 119
06/16/2026,MDI2 Ch 4 (9-12pm),MDI-2 119
06/18/2026,MDI2 Ch 4 (9-12pm),MDI-2 120
06/20/2026,MDI2 Ch 4 (9-12pm),MDI-2 120
06/23/2026,MDI2 Ch 4 (9-12pm),MDI-2 120
06/25/2026,MDI2 Ch 4 (9-12pm),MDI-2 120
06/27/2026,MDI2 Ch 4 (9-12pm),MDI-2 120
06/30/2026,MDI2 Ch 4 (9-12pm),MDI-2 120
07/02/2026,MDI2 Ch 4 (9-12pm),MDI-2 120
07/04/2026,MDI2 Ch 4 (9-12pm),MDI-2 120
07/05/2026,MDI2 Ch 4 (9-12pm),MDI-2 120
